IDENTITAS ARMADA;;;;;;;;;;KEAMANAN;;;;;;;;;;;;;;;;;;;;KESELAMATAN;;;;;;;;;;;;;;;;;;;;;;;;;;;;;;KENYAMANAN;;;;;;;;;;;;KESETARAAN;;;;;;;;;;;;KETERATURAN;;;;;;;;;;;;;;;;;;;;;;;;;;;;;;;;;;;
No;Time Stamp;Unit Kerja;Hari/Tanggal;Waktu Survey;KodeTrayek;Asal - Tujuan;No.Body;Jenis Layanan;Tipe Armada;Identitas Kendaraan;Identitas Kendaraan (Catatan);Tanda Pengenal Pengemudi dan Seragam Awak Kendaraan ;Tanda Pengenal Pengemudi dan Seragam Awak Kendaraan (Catatan);Lampu Isyarat Tanda Darurat;Lampu Isyarat Tanda Darurat (Catatan);Petugas Dalam Bus;Petugas Dalam Bus (Catatan);Kegelapan Kaca Film;Kegelapan Kaca Film (Catatan);Televisi Sirkuit Tertutup (Closed Circuit Television/CCTV);Televisi Sirkuit Tertutup (Closed Circuit Television/CCTV) (Catatan);Ruang Khusus Perempuan;Ruang Khusus Perempuan (Catatan);SOP Penanganan Keamanan;SOP Penanganan Keamanan (Catatan);Informasi Pengaduan Gangguan Keamanan;Informasi Pengaduan Gangguan Keamanan (Catatan);Stiker Larangan Kegiatan;Stiker Larangan Kegiatan (Catatan);SOP Pengoprasian Kendaraan;SOP Pengoprasian Kendaraan (Catatan);SOP Penanganan Keadaan Darurat;SOP Penanganan Keadaan Darurat (Catatan);Tata Cara Mengemudi;Tata Cara Mengemudi (Catatan);Jam Istirahat Pengemudi;Jam Istirahat Pengemudi (Catatan);Kelaikan Kendaraan;Kelaikan Kendaraan (Catatan);Kompetensi Pengemudi;Kompetensi Pengemudi (Catatan);Kelengkapan Administrasi Kendaraan;Kelengkapan Administrasi Kendaraan (Catatan);Fasilitas Keselamatan;Fasilitas Keselamatan (Catatan);Fasilitas Kesehatan;Fasilitas Kesehatan (Catatan);"Fasilitas Pegangan Penumpang Berdiri berupa ""Gantungan""";"Fasilitas Pegangan Penumpang Berdiri berupa ""Gantungan"" (Catatan)";Ketersediaan Nomor Pengaduan;Ketersediaan Nomor Pengaduan (Catatan);"Fasilitas Pegangan Penumpang Berdiri berupa ""Pegangan Tiang""";"Fasilitas Pegangan Penumpang Berdiri berupa ""Pegangan Tiang"" (Catatan)";Pintu Keluar dan/atau Masuk Penumpang;Pintu Keluar dan/atau Masuk Penumpang (Catatan);Interior Kendaraan;Interior Kendaraan (Catatan);Fasilitas Kemudahan Naik/Turun Penumpang;Fasilitas Kemudahan Naik/Turun Penumpang (Catatan);Lampu Penerangan;Lampu Penerangan (Catatan);Kepadatan;Kepadatan (Catatan);Fasilitas Pengatur Suhu Ruangan;Fasilitas Pengatur Suhu Ruangan (Catatan);Informasi Tata Krama Penumpang;Informasi Tata Krama Penumpang (Catatan);Batas Barang Bawaan;Batas Barang Bawaan (Catatan);Kebersihan dan Kerapian;Kebersihan dan Kerapian (Catatan);SOP Inklusivitas;SOP Inklusivitas (Catatan);Kursi Prioritas;Kursi Prioritas (Catatan);Stiker Kursi Prioritas;Stiker Kursi Prioritas (Catatan);Ruang Khusus untuk Kursi Roda;Ruang Khusus untuk Kursi Roda (Catatan);Tombol Berhenti Bus untuk Kelompok Prioritas;Tombol Berhenti Bus untuk Kelompok Prioritas (Catatan);Ramp;Ramp (Catatan);Waktu Kedatangan Antarbus (Headway);Waktu Kedatangan Antarbus (Headway) (Catatan);Kecepatan Perjalanan;Kecepatan Perjalanan (Catatan);Informasi Pelayanan;Informasi Pelayanan (Catatan);Kendaraan Yang Beroprasi;Kendaraan Yang Beroprasi (Catatan);Kondisi Kendaraan;Kondisi Kendaraan (Catatan);Dokumen Perjalanan;Dokumen Perjalanan (Catatan);Sistem Pemosisi Global (Global Positioning System/GPS);Sistem Pemosisi Global (Global Positioning System/GPS) (Catatan);Lokasi Pengendapan;Lokasi Pengendapan (Catatan);Waktu Berhenti Bus;Waktu Berhenti Bus (Catatan);Pengaduan Kinerja Layanan;Pengaduan Kinerja Layanan (Catatan);Lokasi Pengaturan Waktu Keberangkatan;Lokasi Pengaturan Waktu Keberangkatan (Catatan);Pos Petugas Pengaturan Waktu Keberangkatan;Pos Petugas Pengaturan Waktu Keberangkatan (Catatan);Mesin Pembaca Kartu;Mesin Pembaca Kartu (Catatan);Layanan Operasional;Layanan Operasional (Catatan);Ketersediaan Bus Stop;Ketersediaan Bus Stop (Catatan);Data Pelanggan;Data Pelanggan (Catatan);Kemudahan Pemesanan;Kemudahan Pemesanan (Catatan);Kemudahan Penjemputan;Kemudahan Penjemputan (Catatan)
1;09.36;Irsan ;Monday, 01 December 2025;Tidak Sibuk ;5N ;Ragunan - Kp. Melayu ;JDM - 230019;Feeder Bus Sedang ;Bus Sedang ;Ya;;Ya;;Tidak;Tidak Ada;Ya;;Ya;;Ya;;;;Ya;;Ya;;;;Ya;;Ya;;Ya;;Ya;;Ya;;Ya;;;;Ya;;Ya;;Ya;;;;Ya;;Ya;;;;;;Ya;;Ya;;Ya;;Ya;;;;;;Ya;;Ya;;Ya;;;;Ya;;;;Ya;;Ya;;Ya;;Ya;;Ya;;Ya;;Ya;;Ya;;Ya;;Ya;;Ya;;Ya;;Ya;;Ya;;Ya;;;;;;;
2;09.32;Irsan ;Monday, 01 December 2025;Tidak Sibuk ;5N ;Ragunan - Kp. Melayu ;JDM - 230018;Feeder Bus Sedang ;Bus Sedang ;Ya;;Ya;;Tidak;Tidak Ada;Ya;;Ya;;Ya;;;;Ya;;Ya;;;;Ya;;Ya;;Ya;;Ya;;Ya;;Ya;;;;Ya;;Ya;;Ya;;;;Ya;;Ya;;;;;;Ya;;Ya;;Ya;;Ya;;;;;;Ya;;Ya;;Ya;;;;Ya;;;;Ya;;Ya;;Ya;;Ya;;Ya;;Ya;;Ya;;Ya;;Ya;;Ya;;Ya;;Ya;;Ya;;Ya;;Ya;;;;;;;
3;09.22;Irsan ;Monday, 01 December 2025;Tidak Sibuk ;5N ;Ragunan - Kp. Melayu ;JDM - 230005;Feeder Bus Sedang ;Bus Sedang ;Ya;;Ya;;Tidak;Tidak Ada;Ya;;Ya;;Ya;;;;Ya;;Ya;;;;Ya;;Ya;;Ya;;Ya;;Ya;;Ya;;;;Ya;;Ya;;Ya;;;;Ya;;Ya;;;;;;Ya;;Ya;;Ya;;Ya;;;;;;Ya;;Ya;;Ya;;;;Ya;;;;Ya;;Ya;;Ya;;Ya;;Ya;;Ya;;Ya;;Ya;;Ya;;Ya;;Ya;;Ya;;Ya;;Ya;;Ya;;;;;;;
4;09.19;Irsan ;Monday, 01 December 2025;Tidak Sibuk ;5N ;Ragunan - Kp. Melayu ;JDM - 230062;Feeder Bus Sedang ;Bus Sedang ;Ya;;Ya;;Tidak;Tidak Ada;Ya;;Ya;;Ya;;;;Ya;;Ya;;;;Ya;;Ya;;Ya;;Ya;;Ya;;Ya;;;;Ya;;Ya;;Ya;;;;Ya;;Ya;;;;;;Ya;;Ya;;Ya;;Ya;;;;;;Ya;;Ya;;Ya;;;;Ya;;;;Ya;;Ya;;Ya;;Ya;;Ya;;Ya;;Ya;;Ya;;Ya;;Ya;;Ya;;Ya;;Ya;;Ya;;Ya;;;;;;;
5;09.17;Irsan ;Monday, 01 December 2025;Tidak Sibuk ;5N ;Ragunan - Kp. Melayu ;JDM - 230045;Feeder Bus Sedang ;Bus Sedang ;Ya;;Ya;;Tidak;Tidak Ada;Ya;;Ya;;Ya;;;;Ya;;Ya;;;;Ya;;Ya;;Ya;;Ya;;Ya;;Ya;;;;Ya;;Ya;;Ya;;;;Ya;;Ya;;;;;;Ya;;Ya;;Ya;;Ya;;;;;;Ya;;Ya;;Ya;;;;Ya;;;;Ya;;Ya;;Ya;;Ya;;Ya;;Ya;;Ya;;Ya;;Ya;;Ya;;Ya;;Ya;;Ya;;Ya;;Ya;;;;;;;
6;09.14;Irsan ;Monday, 01 December 2025;Tidak Sibuk ;5N ;Ragunan - Kp. Melayu ;JDM - 230046;Feeder Bus Sedang ;Bus Sedang ;Ya;;Ya;;Tidak;Tidak Ada;Ya;;Ya;;Ya;;;;Ya;;Ya;;;;Ya;;Ya;;Ya;;Ya;;Ya;;Ya;;;;Ya;;Ya;;Ya;;;;Ya;;Ya;;;;;;Ya;;Ya;;Ya;;Ya;;;;;;Ya;;Ya;;Ya;;;;Ya;;;;Ya;;Ya;;Ya;;Ya;;Ya;;Ya;;Ya;;Ya;;Ya;;Ya;;Ya;;Ya;;Ya;;Ya;;Ya;;;;;;;
7;09.25;Rizky ;Monday, 01 December 2025;Tidak Sibuk ;7B ;Kp. Rambutan - Blok M ;BMP - 240425;Feeder Bus Sedang ;Bus Sedang ;Ya;;Ya;;Ya;;Ya;;Ya;;Ya;;;;Ya;;Ya;;;;Ya;;Ya;;Ya;;Ya;;Ya;;Ya;;;;Ya;;Ya;;Ya;;;;Ya;;Ya;;;;;;Ya;;Ya;;Ya;;Ya;;;;;;Ya;;Ya;;Ya;;;;Ya;;;;Ya;;Ya;;Ya;;Ya;;Ya;;Ya;;Ya;;Ya;;Ya;;Ya;;Ya;;Ya;;Ya;;Ya;;Ya;;;;;;;
8;09.45;Rizky ;Monday, 01 December 2025;Tidak Sibuk ;7B ;Kp. Rambutan - Blok M ;BMP - 240422;Feeder Bus Sedang ;Bus Sedang ;Ya;;Ya;;Ya;;Ya;;Ya;;Ya;;;;Ya;;Ya;;;;Ya;;Ya;;Ya;;Ya;;Ya;;Ya;;;;Ya;;Ya;;Ya;;;;Ya;;Ya;;;;;;Ya;;Ya;;Ya;;Ya;;;;;;Ya;;Ya;;Ya;;;;Ya;;;;Ya;;Ya;;Ya;;Ya;;Ya;;Ya;;Ya;;Ya;;Ya;;Ya;;Ya;;Ya;;Ya;;Ya;;Ya;;;;;;;
9;09.47;Rizky ;Monday, 01 December 2025;Tidak Sibuk ;7B ;Kp. Rambutan - Blok M ;BMP - 240414;Feeder Bus Sedang ;Bus Sedang ;Ya;;Ya;;Ya;;Ya;;Ya;;Ya;;;;Ya;;Ya;;;;Ya;;Ya;;Ya;;Ya;;Ya;;Ya;;;;Ya;;Ya;;Ya;;;;Ya;;Ya;;;;;;Ya;;Ya;;Ya;;Ya;;;;;;Ya;;Ya;;Ya;;;;Ya;;;;Ya;;Ya;;Ya;;Ya;;Ya;;Ya;;Ya;;Ya;;Ya;;Ya;;Ya;;Ya;;Ya;;Ya;;Ya;;;;;;;
10;10.03;Rizky ;Monday, 01 December 2025;Tidak Sibuk ;7B ;Kp. Rambutan - Blok M ;BMP - 240424;Feeder Bus Sedang ;Bus Sedang ;Ya;;Ya;;Ya;;Ya;;Ya;;Ya;;;;Ya;;Ya;;;;Ya;;Ya;;Ya;;Ya;;Ya;;Ya;;;;Ya;;Ya;;Ya;;;;Ya;;Ya;;;;;;Ya;;Ya;;Ya;;Ya;;;;;;Ya;;Ya;;Ya;;;;Ya;;;;Ya;;Ya;;Ya;;Ya;;Ya;;Ya;;Ya;;Ya;;Ya;;Ya;;Ya;;Ya;;Ya;;Ya;;Ya;;;;;;;
11;10.17;Rizky ;Monday, 01 December 2025;Tidak Sibuk ;7B ;Kp. Rambutan - Blok M ;BMP - 240418;Feeder Bus Sedang ;Bus Sedang ;Ya;;Ya;;Ya;;Ya;;Ya;;Ya;;;;Ya;;Ya;;;;Ya;;Ya;;Ya;;Ya;;Ya;;Ya;;;;Ya;;Ya;;Ya;;;;Ya;;Ya;;;;;;Ya;;Ya;;Ya;;Ya;;;;;;Ya;;Ya;;Ya;;;;Ya;;;;Ya;;Ya;;Ya;;Ya;;Ya;;Ya;;Ya;;Ya;;Ya;;Ya;;Ya;;Ya;;Ya;;Ya;;Ya;;;;;;;
12;10.32;Rizky ;Monday, 01 December 2025;Tidak Sibuk ;7B ;Kp. Rambutan - Blok M ;BMP - 240421;Feeder Bus Sedang ;Bus Sedang ;Ya;;Ya;;Ya;;Ya;;Ya;;Ya;;;;Ya;;Ya;;;;Ya;;Ya;;Ya;;Ya;;Ya;;Ya;;;;Ya;;Ya;;Ya;;;;Ya;;Ya;;;;;;Ya;;Ya;;Ya;;Ya;;;;;;Ya;;Ya;;Ya;;;;Ya;;;;Ya;;Ya;;Ya;;Ya;;Ya;;Ya;;Ya;;Ya;;Ya;;Ya;;Ya;;Ya;;Ya;;Ya;;Ya;;;;;;;
13;10.35;Rizky ;Monday, 01 December 2025;Tidak Sibuk ;7B ;Kp. Rambutan - Blok M ;BMP - 240419;Feeder Bus Sedang ;Bus Sedang ;Ya;;Ya;;Ya;;Ya;;Ya;;Ya;;;;Ya;;Ya;;;;Ya;;Ya;;Ya;;Ya;;Ya;;Ya;;;;Ya;;Ya;;Ya;;;;Ya;;Ya;;;;;;Ya;;Ya;;Ya;;Ya;;;;;;Ya;;Ya;;Ya;;;;Ya;;;;Ya;;Ya;;Ya;;Ya;;Ya;;Ya;;Ya;;Ya;;Ya;;Ya;;Ya;;Ya;;Ya;;Ya;;Ya;;;;;;;
14;10.59;Rizky ;Monday, 01 December 2025;Tidak Sibuk ;7B ;Kp. Rambutan - Blok M ;BMP - 240412;Feeder Bus Sedang ;Bus Sedang ;Ya;;Ya;;Ya;;Ya;;Ya;;Ya;;;;Ya;;Ya;;;;Ya;;Ya;;Ya;;Ya;;Ya;;Ya;;;;Ya;;Ya;;Ya;;;;Ya;;Ya;;;;;;Ya;;Ya;;Ya;;Ya;;;;;;Ya;;Ya;;Ya;;;;Ya;;;;Ya;;Ya;;Ya;;Ya;;Ya;;Ya;;Ya;;Ya;;Ya;;Ya;;Ya;;Ya;;Ya;;Ya;;Ya;;;;;;;
15;11.06;Rizky ;Monday, 01 December 2025;Tidak Sibuk ;7B ;Kp. Rambutan - Blok M ;PSU - 240016;Feeder Bus Sedang ;Bus Sedang ;Ya;;Ya;;Ya;;Ya;;Ya;;Ya;;;;Ya;;Ya;;;;Ya;;Ya;;Ya;;Ya;;Ya;;Ya;;;;Ya;;Ya;;Ya;;;;Ya;;Ya;;;;;;Ya;;Ya;;Ya;;Ya;;;;;;Ya;;Ya;;Ya;;;;Ya;;;;Ya;;Ya;;Ya;;Ya;;Ya;;Ya;;Ya;;Ya;;Ya;;Ya;;Ya;;Ya;;Ya;;Ya;;Ya;;;;;;;
16;10.02;Tony ;Monday, 01 December 2025;Tidak Sibuk ;6N ;Ragunan - Blok M ;JDM - 230052;Feeder Bus Sedang ;Bus Sedang ;Ya;;Ya;;Ya;;Ya;;Ya;;Ya;;;;Ya;;Ya;;;;Ya;;Ya;;Ya;;Ya;;Ya;;Ya;;;;Ya;;Tidak;Kapas Terbuka Tidak Steril;Ya;;;;Ya;;Ya;;;;;;Ya;;Ya;;Ya;;Ya;;;;;;Ya;;Ya;;Ya;;;;Ya;;;;Ya;;Ya;;Ya;;Ya;;Ya;;Ya;;Ya;;Ya;;Ya;;Ya;;Ya;;Ya;;Ya;;Ya;;Ya;;;;;;;
17;10.07;Tony ;Monday, 01 December 2025;Tidak Sibuk ;6N ;Ragunan - Blok M ;JDM - 230050;Feeder Bus Sedang ;Bus Sedang ;Ya;;Ya;;Ya;;Ya;;Ya;;Ya;;;;Ya;;Ya;;;;Ya;;Ya;;Ya;;Ya;;Tidak;Belum Mengisi LPSB ;Ya;;;;Ya;;Ya;;Ya;;;;Ya;;Ya;;;;;;Ya;;Ya;;Ya;;Ya;;;;;;Ya;;Ya;;Ya;;;;Ya;;;;Ya;;Ya;;Ya;;Ya;;Ya;;Ya;;Ya;;Ya;;Ya;;Ya;;Ya;;Ya;;Ya;;Ya;;Ya;;;;;;;
18;10.11;Tony ;Monday, 01 December 2025;Tidak Sibuk ;6N ;Ragunan - Blok M ;JDM - 240087;Feeder Bus Sedang ;Bus Sedang ;Ya;;Ya;;Ya;;Ya;;Ya;;Ya;;;;Ya;;Ya;;;;Ya;;Ya;;Ya;;Ya;;Ya;;Ya;;;;Ya;;Ya;;Ya;;;;Ya;;Ya;;;;;;Ya;;Ya;;Ya;;Ya;;;;;;Ya;;Ya;;Ya;;;;Tidak;Tombol Berhenti Rusak 1 (satu) Pcs ;;;Ya;;Ya;;Ya;;Ya;;Ya;;Ya;;Ya;;Ya;;Ya;;Ya;;Ya;;Ya;;Ya;;Ya;;Ya;;;;;;;
19;10.15;Tony ;Monday, 01 December 2025;Tidak Sibuk ;6N ;Ragunan - Blok M ;JDM - 230058;Feeder Bus Sedang ;Bus Sedang ;Ya;;Ya;;Ya;;Ya;;Ya;;Ya;;;;Ya;;Ya;;;;Ya;;Ya;;Ya;;Ya;;Ya;;Ya;;;;Ya;;Ya;;Ya;;;;Ya;;Ya;;;;;;Ya;;Ya;;Ya;;Ya;;;;;;Ya;;Ya;;Ya;;;;Ya;;;;Ya;;Ya;;Ya;;Ya;;Ya;;Ya;;Ya;;Ya;;Ya;;Ya;;Ya;;Ya;;Ya;;Ya;;Ya;;;;;;;
20;09.29;Wiji;Monday, 01 December 2025;Tidak Sibuk ;7E;Kp. Rambutan - Ragunan ;MBT - 240622;Feeder Bus Sedang ;Bus Sedang ;Ya;;Ya;;Ya;;Ya;;Ya;;Ya;;;;Ya;;Ya;;;;Ya;;Ya;;Ya;;Ya;;Ya;;Ya;;;;Ya;;Ya;;Ya;;;;Ya;;Ya;;;;;;Ya;;Ya;;Ya;;Ya;;;;;;Ya;;Ya;;Ya;;;;Ya;;;;Ya;;Ya;;Ya;;Ya;;Ya;;Ya;;Ya;;Ya;;Ya;;Ya;;Ya;;Ya;;Ya;;Ya;;Ya;;;;;;;
21;10.20;Wiji;Monday, 01 December 2025;Tidak Sibuk ;7E;Kp. Rambutan - Ragunan ;MBT - 240620;Feeder Bus Sedang ;Bus Sedang ;Ya;;Ya;;Ya;;Ya;;Ya;;Ya;;;;Ya;;Ya;;;;Ya;;Ya;;Ya;;Ya;;Ya;;Ya;;;;Ya;;Ya;;Ya;;;;Ya;;Ya;;;;;;Ya;;Ya;;Ya;;Ya;;;;;;Ya;;Ya;;Ya;;;;Ya;;;;Ya;;Ya;;Ya;;Ya;;Ya;;Ya;;Ya;;Ya;;Ya;;Ya;;Ya;;Ya;;Ya;;Ya;;Ya;;;;;;;
22;10.30;Wiji;Monday, 01 December 2025;Tidak Sibuk ;7E;Kp. Rambutan - Ragunan ;MBT - 240626;Feeder Bus Sedang ;Bus Sedang ;Ya;;Ya;;Ya;;Ya;;Ya;;Ya;;;;Ya;;Ya;;;;Ya;;Ya;;Ya;;Ya;;Ya;;Ya;;;;Ya;;Ya;;Ya;;;;Ya;;Ya;;;;;;Ya;;Ya;;Ya;;Ya;;;;;;Ya;;Ya;;Ya;;;;Ya;;;;Ya;;Ya;;Ya;;Ya;;Ya;;Ya;;Ya;;Ya;;Ya;;Ya;;Ya;;Ya;;Ya;;Ya;;Ya;;;;;;;
23;10.00;Rizky ;Monday, 01 December 2025;Tidak Sibuk ;7A;Kp. Rambutan - Lebak Bulus ;MYS - 22350;Feeder Bus Besar ;Low Entry ;Ya;;Ya;;Ya;;Ya;;Ya;;Ya;;;;Ya;;Ya;;;;Ya;;Ya;;Ya;;Ya;;Ya;;Ya;;;;Ya;;Ya;;Ya;;;;Ya;;Ya;;;;;;Ya;;Ya;;Ya;;Ya;;;;;;Ya;;Ya;;Ya;;Ya;;Ya;;Ya;;Ya;;Ya;;Ya;;Ya;;Ya;;Ya;;Ya;;Ya;;Ya;;Ya;;Ya;;Ya;;Ya;;Ya;;Ya;;;;;;;
24;09.52;Rizky ;Monday, 01 December 2025;Tidak Sibuk ;7A;Kp. Rambutan - Lebak Bulus ;MYS - 22355;Feeder Bus Besar ;Low Entry ;Ya;;Ya;;Ya;;Ya;;Ya;;Ya;;;;Ya;;Ya;;;;Ya;;Ya;;Ya;;Ya;;Ya;;Ya;;;;Ya;;Ya;;Ya;;;;Ya;;Ya;;;;;;Ya;;Ya;;Ya;;Ya;;;;;;Ya;;Ya;;Ya;;Ya;;Ya;;Ya;;Ya;;Ya;;Ya;;Ya;;Ya;;Ya;;Ya;;Ya;;Ya;;Ya;;Ya;;Ya;;Ya;;Ya;;Ya;;;;;;;
25;09.51;Rizky ;Monday, 01 December 2025;Tidak Sibuk ;7A;Kp. Rambutan - Lebak Bulus ;MYS - 22354;Feeder Bus Besar ;Low Entry ;Ya;;Ya;;Ya;;Ya;;Ya;;Ya;;;;Ya;;Ya;;;;Ya;;Ya;;Ya;;Ya;;Ya;;Ya;;;;Ya;;Ya;;Ya;;;;Ya;;Ya;;;;;;Ya;;Ya;;Ya;;Ya;;;;;;Ya;;Ya;;Ya;;Ya;;Ya;;Ya;;Ya;;Ya;;Ya;;Ya;;Ya;;Ya;;Ya;;Ya;;Ya;;Ya;;Ya;;Ya;;Ya;;Ya;;Ya;;;;;;;
26;09.39;Rizky ;Monday, 01 December 2025;Tidak Sibuk ;7A;Kp. Rambutan - Lebak Bulus ;MYS - 22335;Feeder Bus Besar ;Low Entry ;Ya;;Ya;;Ya;;Ya;;Ya;;Ya;;;;Ya;;Ya;;;;Ya;;Ya;;Ya;;Ya;;Ya;;Ya;;;;Ya;;Ya;;Ya;;;;Ya;;Ya;;;;;;Ya;;Ya;;Ya;;Ya;;;;;;Ya;;Ya;;Ya;;Ya;;Ya;;Ya;;Ya;;Ya;;Ya;;Ya;;Ya;;Ya;;Ya;;Ya;;Ya;;Ya;;Ya;;Ya;;Ya;;Ya;;Ya;;;;;;;
27;09.37;Rizky ;Monday, 01 December 2025;Tidak Sibuk ;7A;Kp. Rambutan - Lebak Bulus ;MYS - 22349;Feeder Bus Besar ;Low Entry ;Ya;;Ya;;Ya;;Ya;;Ya;;Ya;;;;Ya;;Ya;;;;Ya;;Ya;;Ya;;Ya;;Ya;;Ya;;;;Ya;;Ya;;Ya;;;;Ya;;Ya;;;;;;Ya;;Ya;;Ya;;Ya;;;;;;Ya;;Ya;;Ya;;Ya;;Ya;;Ya;;Ya;;Ya;;Ya;;Ya;;Ya;;Ya;;Ya;;Ya;;Ya;;Ya;;Ya;;Ya;;Ya;;Ya;;Ya;;;;;;;
28;09.34;Rizky ;Monday, 01 December 2025;Tidak Sibuk ;7A;Kp. Rambutan - Lebak Bulus ;MYS - 22351;Feeder Bus Besar ;Low Entry ;Ya;;Ya;;Ya;;Ya;;Ya;;Ya;;;;Ya;;Ya;;;;Ya;;Ya;;Ya;;Ya;;Ya;;Ya;;;;Ya;;Ya;;Ya;;;;Ya;;Ya;;;;;;Ya;;Ya;;Ya;;Ya;;;;;;Ya;;Ya;;Ya;;Ya;;Ya;;Ya;;Ya;;Ya;;Ya;;Ya;;Ya;;Ya;;Ya;;Ya;;Ya;;Ya;;Ya;;Ya;;Ya;;Ya;;Ya;;;;;;;
29;09.32;Rizky ;Monday, 01 December 2025;Tidak Sibuk ;7A;Kp. Rambutan - Lebak Bulus ;MYS - 22353;Feeder Bus Besar ;Low Entry ;Ya;;Ya;;Ya;;Ya;;Ya;;Ya;;;;Ya;;Ya;;;;Ya;;Ya;;Ya;;Ya;;Ya;;Ya;;;;Ya;;Ya;;Ya;;;;Ya;;Ya;;;;;;Ya;;Ya;;Ya;;Ya;;;;;;Ya;;Ya;;Ya;;Ya;;Ya;;Ya;;Ya;;Ya;;Ya;;Ya;;Ya;;Ya;;Ya;;Ya;;Ya;;Ya;;Ya;;Ya;;Ya;;Ya;;Ya;;;;;;;
30;09.30;Rizky ;Monday, 01 December 2025;Tidak Sibuk ;7A;Kp. Rambutan - Lebak Bulus ;TJ - 673;Feeder Bus Besar ;Low Entry ;Ya;;Ya;;Tidak;Bus Lama ;Ya;;Ya;;Ya;;;;Ya;;Ya;;;;Ya;;Ya;;Ya;;Ya;;Ya;;Ya;;;;Ya;;Ya;;Ya;;;;Ya;;Ya;;;;;;Ya;;Ya;;Ya;;Ya;;;;;;Ya;;Tidak;No Seatbelt;Ya;;Ya;;Ya;;Tidak;85 cm ;Ya;;Ya;;Ya;;Ya;;Ya;;Ya;;Ya;;Ya;;Ya;;Ya;;Ya;;Ya;;Ya;;Ya;;Ya;;;;;;;
31;09.05;Rizky ;Tuesday, 02 December 2025;Tidak Sibuk ;11D;Pulo Gadung - Pulo Gebang ;TSW - 029;Feeder Bus Sedang ;Bus Sedang ;Ya;;Ya;;Tidak;Bus Lama ;Ya;;Ya;;Ya;;;;Ya;;Ya;;;;Ya;;Ya;;Ya;;Ya;;Ya;;Ya;;;;Ya;;Tidak;Tidak Ada Betadine ;Ya;;;;Ya;;Ya;;;;;;Ya;;Ya;;Ya;;Ya;;;;;;Ya;;Ya;;Ya;;;;Ya;Letak tombol jauh dari kursi prioritasi;;;Ya;;Ya;;Ya;;Ya;;Ya;;Ya;;Ya;;Ya;;Ya;;Ya;;Ya;;Ya;;Ya;;Ya;;Ya;;;;;;;
32;08.26;Rizky ;Tuesday, 02 December 2025;Sibuk ;11D;Pulo Gadung - Pulo Gebang ;TSW - 067;Feeder Bus Sedang ;Bus Sedang ;Ya;;Ya;;Tidak;Bus Lama ;Ya;;Ya;;Ya;;;;Ya;;Ya;;;;Ya;;Ya;;Ya;;Ya;;Ya;;Ya;;;;Ya;;Ya;;Ya;;;;Ya;;Ya;;;;;;Ya;;Ya;;Ya;;Ya;;;;;;Ya;;Ya;;Ya;;;;Ya;Letak tombol jauh dari kursi prioritasi;;;Ya;;Ya;;Ya;;Ya;;Ya;;Ya;;Ya;;Ya;;Ya;;Ya;;Ya;;Ya;;Ya;;Ya;;Ya;;;;;;;
33;08.43;Rizky ;Tuesday, 02 December 2025;Tidak Sibuk ;11D;Pulo Gadung - Pulo Gebang ;TSW - 080;Feeder Bus Sedang ;Bus Sedang ;Ya;;Ya;;Tidak;Bus Lama ;Ya;;Ya;;Ya;;;;Ya;;Ya;;;;Ya;;Ya;;Ya;;Ya;;Ya;;Ya;;;;Ya;;Ya;;Ya;;;;Ya;;Ya;;;;;;Ya;;Ya;;Ya;;Ya;;;;;;Ya;;Ya;;Ya;;;;Ya;Letak tombol jauh dari kursi prioritasi;;;Ya;;Ya;;Ya;;Ya;;Ya;;Ya;;Ya;;Ya;;Ya;;Ya;;Ya;;Ya;;Ya;;Ya;;Ya;;;;;;;
34;10.42;Rizky ;Tuesday, 02 December 2025;Tidak Sibuk ;11W;Pulo Gadung - Pulo Gebang ;DMR - 230100;Feeder Bus Besar ;Low Entry ;Ya;;Ya;;Tidak;Bus Lama ;Ya;;Ya;;Ya;;;;Ya;;Ya;;;;Ya;;Ya;;Ya;;Ya;;Ya;;Ya;;;;Ya;;Ya;;Ya;;;;Ya;;Ya;;;;;;Ya;;Ya;;Ya;;Ya;;;;;;Ya;;Ya;;Ya;;Ya;;Ya;;Ya;;Ya;;Ya;;Ya;;Ya;;Ya;;Ya;;Ya;;Ya;;Ya;;Ya;;Ya;;Ya;;Ya;;Ya;;Ya;;;;;;;
35;10.39;Rizky ;Tuesday, 02 December 2025;Tidak Sibuk ;11W;Pulo Gadung - Pulo Gebang ;DMR - 230106;Feeder Bus Besar ;Low Entry ;Ya;;Ya;;Tidak;Bus Lama ;Ya;;Ya;;Ya;;;;Ya;;Ya;;;;Ya;;Ya;;Ya;;Ya;;Ya;;Ya;;;;Ya;;Ya;;Ya;;;;Ya;;Ya;;;;;;Ya;;Ya;;Ya;;Ya;;;;;;Ya;;Ya;;Ya;;Ya;;Ya;;Ya;;Ya;;Ya;;Ya;;Ya;;Ya;;Ya;;Ya;;Ya;;Ya;;Ya;;Ya;;Ya;;Ya;;Ya;;Ya;;;;;;;
36;10.52;Rizky ;Tuesday, 02 December 2025;Tidak Sibuk ;11W;Pulo Gadung - Pulo Gebang ;DMR - 230109;Feeder Bus Besar ;Low Entry ;Ya;;Ya;;Tidak;Bus Lama ;Ya;;Ya;;Ya;;;;Ya;;Ya;;;;Ya;;Ya;;Ya;;Ya;;Ya;;Ya;;;;Ya;;Ya;;Ya;;;;Ya;;Ya;;;;;;Ya;;Ya;;Ya;;Ya;;;;;;Ya;;Ya;;Ya;;Ya;;Ya;;Ya;;Ya;;Ya;;Ya;;Ya;;Ya;;Ya;;Ya;;Ya;;Ya;;Ya;;Ya;;Ya;;Ya;;Ya;;Ya;;;;;;;
37;08.40;Badruz ;Tuesday, 02 December 2025;Sibuk ;12P;Pegangsaan 2 (LRT) - JIS ;MYS - 21242;Feeder Bus Besar ;Single Bus ;Ya;;Ya;;Tidak;Tidak Ada Lampu Darurat ;Ya;;Ya;;Ya;;;;Ya;;Ya;;;;Ya;;Ya;;Ya;;Ya;;Ya;;Ya;;;;Ya;;Ya;;Ya;;;;Ya;;Ya;;;;;;Ya;;Ya;;Ya;;Ya;;;;;;Ya;;Ya;;Ya;;Ya;;Tidak;Tidak Ada Tombol ;;;Ya;;Ya;;Ya;;Ya;;Ya;;Ya;;Ya;;Ya;;Ya;;Ya;;Ya;;Ya;;Ya;;Ya;;Ya;;;;;;;
38;09.14;Badruz ;Tuesday, 02 December 2025;Sibuk ;12P;Pegangsaan 2 (LRT) - JIS ;MYS - 21243;Feeder Bus Besar ;Single Bus ;Ya;;Ya;;Tidak;Tidak Ada Lampu Darurat ;Ya;;Ya;;Ya;;;;Ya;;Ya;;;;Ya;;Ya;;Ya;;Ya;;Ya;;Ya;;;;Ya;;Ya;;Ya;;;;Ya;;Ya;;;;;;Ya;;Ya;;Ya;;Ya;;;;;;Ya;;Ya;;Ya;;Ya;;Tidak;Tidak Ada Tombol ;;;Ya;;Ya;;Ya;;Ya;;Ya;;Ya;;Ya;;Ya;;Ya;;Ya;;Ya;;Ya;;Ya;;Ya;;Ya;;;;;;;
39;09.50;Badruz ;Tuesday, 02 December 2025;Sibuk ;12P;Pegangsaan 2 (LRT) - JIS ;MYS - 21234;Feeder Bus Besar ;Single Bus ;Ya;;Ya;;Tidak;Tidak Ada Lampu Darurat ;Ya;;Ya;;Ya;;;;Ya;;Ya;;;;Ya;;Ya;;Ya;;Ya;;Ya;;Ya;;;;Ya;;Ya;;Ya;;;;Ya;;Ya;;;;;;Ya;;Ya;;Ya;;Ya;;;;;;Ya;;Ya;;Ya;;Ya;;Tidak;Tidak Ada Tombol ;;;Ya;;Ya;;Ya;;Ya;;Ya;;Ya;;Ya;;Ya;;Ya;;Ya;;Ya;;Ya;;Ya;;Ya;;Ya;;;;;;;
40;08.44;Badruz ;Tuesday, 02 December 2025;Sibuk ;14A;Monas - JIS ;DMR - 134;Feeder Bus Besar ;Single Bus ;Ya;;Ya;;Tidak;Tidak Ada Lampu Darurat ;Ya;;Ya;;Ya;;;;Ya;;Ya;;;;Ya;;Ya;;Ya;;Ya;;Ya;;Ya;;;;Ya;;Ya;;Ya;;;;Ya;;Ya;;;;;;Ya;;Ya;;Ya;;Ya;;;;;;Ya;;Tidak;Seatbelt Tidak Ada ;Ya;;Tidak;Tidak Ada Strap;Tidak;Tidak Ada Tombol ;;;Ya;;Ya;;Ya;;Ya;;Ya;;Ya;;Ya;;Ya;;Ya;;Ya;;Ya;;Ya;;Ya;;Ya;;Ya;;;;;;;
41;08.57;Badruz ;Tuesday, 02 December 2025;Sibuk ;14A;Monas - JIS ;DMR - 341;Feeder Bus Besar ;Single Bus ;Ya;;Ya;;Tidak;Tidak Ada Lampu Darurat ;Ya;;Ya;;Ya;;;;Ya;;Ya;;;;Ya;;Ya;;Ya;;Ya;;Ya;;Ya;;;;Ya;;Ya;;Ya;;;;Ya;;Ya;;;;;;Ya;;Ya;;Ya;;Ya;;;;;;Ya;;Tidak;Seatbelt Tidak Ada ;Ya;;Tidak;Tidak Ada Strap;Tidak;Tidak Ada Tombol ;;;Ya;;Ya;;Ya;;Ya;;Ya;;Ya;;Ya;;Ya;;Ya;;Ya;;Ya;;Ya;;Ya;;Ya;;Ya;;;;;;;
42;08.48;Badruz ;Tuesday, 02 December 2025;Sibuk ;14A;Monas - JIS ;DMR - 669;Feeder Bus Besar ;Single Bus ;Ya;;Ya;;Tidak;Tidak Ada Lampu Darurat ;Ya;;Ya;;Ya;;;;Ya;;Ya;;;;Ya;;Ya;;Ya;;Ya;;Ya;;Ya;;;;Ya;;Ya;;Ya;;;;Ya;;Ya;;;;;;Ya;;Ya;;Ya;;Ya;;;;;;Ya;;Tidak;Seatbelt Tidak Ada ;Ya;;Tidak;Tidak Ada Strap;Tidak;Tidak Ada Tombol ;;;Ya;;Ya;;Ya;;Ya;;Ya;;Ya;;Ya;;Ya;;Ya;;Ya;;Ya;;Ya;;Ya;;Ya;;Ya;;;;;;;
43;08.37;Badruz ;Tuesday, 02 December 2025;Sibuk ;14A;Monas - JIS ;DMR - 676;Feeder Bus Besar ;Single Bus ;Ya;;Ya;;Tidak;Tidak Ada Lampu Darurat ;Ya;;Ya;;Ya;;;;Ya;;Ya;;;;Ya;;Ya;;Ya;;Ya;;Ya;;Ya;;;;Ya;;Ya;;Ya;;;;Ya;;Ya;;;;;;Ya;;Ya;;Ya;;Ya;;;;;;Ya;;Tidak;Seatbelt Tidak Ada ;Ya;;Tidak;Tidak Ada Strap;Tidak;Tidak Ada Tombol ;;;Ya;;Ya;;Ya;;Ya;;Ya;;Ya;;Ya;;Ya;;Ya;;Ya;;Ya;;Ya;;Ya;;Ya;;Ya;;;;;;;
44;09.20;Lihan ;Tuesday, 02 December 2025;Tidak Sibuk ;4F ;Pulo Gadung - Pinang Ranti ;TJ - 0718;Feeder Bus Besar ;Low Entry ;Ya;;Ya;;Tidak;Tidak Tersedia ;Ya;;Ya;;Ya;;;;Ya;;Ya;;;;Ya;;Ya;;Ya;;Ya;;Ya;;Ya;;;;Ya;;Tidak;Betadine Expired (FEB 2025);Ya;;;;Ya;;Ya;;;;;;Ya;;Ya;;Ya;;Ya;;;;;;Ya;;Tidak;Seatbelt Tidak Ada ;Ya;;Ya;;Ya;;Tidak;85 cm ;Ya;;Ya;;Ya;;Ya;;Ya;;Ya;;Ya;;Ya;;Ya;;Ya;;Ya;;Ya;;Ya;;Ya;;Ya;;;;;;;
45;09.09;Lihan ;Tuesday, 02 December 2025;Tidak Sibuk ;4F ;Pulo Gadung - Pinang Ranti ;TJ - 0676;Feeder Bus Besar ;Low Entry ;Ya;;Ya;;Tidak;Tidak Tersedia ;Ya;;Ya;;Ya;;;;Ya;;Ya;;;;Ya;;Ya;;Ya;;Ya;;Ya;;Ya;;;;Ya;;Tidak;Betadine Expired (FEB 2025);Ya;;;;Ya;;Ya;;;;;;Ya;;Ya;;Ya;;Ya;;;;;;Ya;;Tidak;Seatbelt Tidak Ada ;Ya;;Ya;;Ya;;Tidak;85 cm ;Ya;;Ya;;Ya;;Ya;;Ya;;Ya;;Ya;;Ya;;Ya;;Ya;;Ya;;Ya;;Ya;;Ya;;Ya;;;;;;;
46;09.04;Lihan ;Tuesday, 02 December 2025;Tidak Sibuk ;4F ;Pulo Gadung - Pinang Ranti ;TJ - 0672;Feeder Bus Besar ;Low Entry ;Ya;;Ya;;Tidak;Tidak Tersedia ;Ya;;Ya;;Ya;;;;Ya;;Ya;;;;Ya;;Ya;;Ya;;Ya;;Ya;;Ya;;;;Ya;;Ya;;Ya;;;;Ya;;Ya;;;;;;Ya;;Ya;;Ya;;Ya;;;;;;Ya;;Tidak;Seatbelt Tidak Ada ;Ya;;Ya;;Tidak;Tombol Tidak Menyala ;Tidak;85 cm ;Ya;;Ya;;Ya;;Ya;;Ya;;Ya;;Ya;;Ya;;Ya;;Ya;;Ya;;Ya;;Ya;;Ya;;Ya;;;;;;;
47;08.51;Lihan ;Tuesday, 02 December 2025;Sibuk ;4F ;Pulo Gadung - Pinang Ranti ;TJ - 0661;Feeder Bus Besar ;Low Entry ;Ya;;Ya;;Tidak;Tidak Tersedia ;Ya;;Ya;;Ya;;;;Ya;;Ya;;;;Ya;;Ya;;Ya;;Ya;;Ya;;Ya;;;;Ya;;Ya;;Ya;;;;Ya;;Ya;;;;;;Ya;;Ya;;Ya;;Ya;;;;;;Ya;;Tidak;Seatbelt Tidak Ada ;Ya;;Ya;;Ya;;Tidak;85 cm ;Ya;;Ya;;Ya;;Ya;;Ya;;Ya;;Ya;;Ya;;Ya;;Ya;;Ya;;Ya;;Ya;;Ya;;Ya;;;;;;;
48;08.48;Lihan ;Tuesday, 02 December 2025;Sibuk ;4F ;Pulo Gadung - Pinang Ranti ;TJ - 0738;Feeder Bus Besar ;Low Entry ;Ya;;Ya;;Tidak;Tidak Tersedia ;Ya;;Ya;;Ya;;;;Ya;;Ya;;;;Ya;;Ya;;Ya;;Ya;;Ya;;Ya;;;;Ya;;Ya;;Ya;;;;Ya;;Ya;;;;;;Ya;;Ya;;Ya;;Ya;;;;;;Ya;;Tidak;Seatbelt Tidak Ada ;Ya;;Ya;;Ya;;Tidak;85 cm ;Ya;;Ya;;Ya;;Ya;;Ya;;Ya;;Ya;;Ya;;Ya;;Ya;;Ya;;Ya;;Ya;;Ya;;Ya;;;;;;;
49;08.41;Lihan ;Tuesday, 02 December 2025;Sibuk ;4F ;Pulo Gadung - Pinang Ranti ;TJ - 0747;Feeder Bus Besar ;Low Entry ;Ya;;Ya;;Tidak;Tidak Tersedia ;Ya;;Ya;;Ya;;;;Ya;;Ya;;;;Ya;;Ya;;Ya;;Ya;;Ya;;Ya;;;;Ya;;Ya;;Ya;;;;Ya;;Ya;;;;;;Ya;;Ya;;Ya;;Ya;;;;;;Ya;;Tidak;Seatbelt Tidak Ada ;Ya;;Ya;;Tidak;Tombol menyala 2 (Dua);Tidak;85 cm ;Ya;;Ya;;Ya;;Ya;;Ya;;Ya;;Ya;;Ya;;Ya;;Ya;;Ya;;Ya;;Ya;;Ya;;Ya;;;;;;;
50;08.35;Lihan ;Tuesday, 02 December 2025;Sibuk ;4F ;Pulo Gadung - Pinang Ranti ;TJ - 0769;Feeder Bus Besar ;Low Entry ;Ya;;Ya;;Tidak;Tidak Tersedia ;Ya;;Ya;;Ya;;;;Ya;;Ya;;;;Ya;;Ya;;Ya;;Ya;;Ya;;Ya;;;;Ya;;Ya;;Ya;;;;Ya;;Ya;;;;;;Ya;;Ya;;Ya;;Ya;;;;;;Ya;;Tidak;Seatbelt Tidak Ada ;Ya;;Ya;;Tidak;Tombol menyala 1 (Satu);Tidak;85 cm ;Ya;;Ya;;Ya;;Ya;;Ya;;Ya;;Ya;;Ya;;Ya;;Ya;;Ya;;Ya;;Ya;;Ya;;Ya;;;;;;;
51;09.09;Rizky ;Tuesday, 02 December 2025;Tidak Sibuk ;2B ;Pulo Gadung - Harapan Indah ;TJ - 0758;Feeder Bus Besar ;Low Entry ;Ya;;Ya;;Tidak;Bus Lama ;Ya;;Ya;;Ya;;;;Ya;;Ya;;;;Ya;;Ya;;Ya;;Ya;;Ya;;Ya;;;;Ya;;Ya;;Ya;;;;Ya;;Ya;;;;;;Ya;;Ya;;Ya;;Ya;;;;;;Ya;;Tidak;No Seatbelt ;Ya;;Ya;;Ya;;Tidak;85 cm ;Ya;;Ya;;Ya;;Ya;;Ya;;Ya;;Ya;;Ya;;Ya;;Ya;;Ya;;Ya;;Ya;;Ya;;Ya;;;;;;;
52;08.57;Rizky ;Tuesday, 02 December 2025;Sibuk ;2B ;Pulo Gadung - Harapan Indah ;TJ - 0760;Feeder Bus Besar ;Low Entry ;Ya;;Ya;;Tidak;Bus Lama ;Ya;;Ya;;Ya;;;;Ya;;Ya;;;;Ya;;Ya;;Ya;;Ya;;Ya;;Ya;;;;Ya;;Tidak;Batadine Tidak Ada ;Ya;;;;Ya;;Ya;;;;;;Ya;;Ya;;Ya;;Ya;;;;;;Ya;;Tidak;No Seatbelt ;Ya;;Ya;;Ya;;Tidak;85 cm ;Ya;;Ya;;Ya;;Ya;;Ya;;Ya;;Ya;;Ya;;Ya;;Ya;;Ya;;Ya;;Ya;;Ya;;Ya;;;;;;;
53;08.50;Rizky ;Tuesday, 02 December 2025;Sibuk ;2B ;Pulo Gadung - Harapan Indah ;TJ - 0770;Feeder Bus Besar ;Low Entry ;Ya;;Ya;;Tidak;Bus Lama ;Ya;;Ya;;Ya;;;;Ya;;Ya;;;;Ya;;Ya;;Ya;;Ya;;Ya;;Ya;;;;Ya;;Ya;;Ya;;;;Ya;;Ya;;;;;;Ya;;Ya;;Ya;;Ya;;;;;;Ya;;Tidak;No Seatbelt ;Ya;;Ya;;Ya;;Tidak;85 cm ;Ya;;Ya;;Ya;;Ya;;Ya;;Ya;;Ya;;Ya;;Ya;;Ya;;Ya;;Ya;;Ya;;Ya;;Ya;;;;;;;
54;08.37;Rizky ;Tuesday, 02 December 2025;Sibuk ;2B ;Pulo Gadung - Harapan Indah ;TJ - 0663;Feeder Bus Besar ;Low Entry ;Ya;;Ya;;Tidak;Bus Lama ;Ya;;Ya;;Ya;;;;Ya;;Ya;;;;Ya;;Ya;;Ya;;Ya;;Ya;;Ya;;;;Ya;;Tidak;Tidak Ada Gunting ;Ya;;;;Ya;;Ya;;;;;;Ya;;Ya;;Ya;;Ya;;;;;;Ya;;Tidak;No Seatbelt ;Ya;;Ya;;Ya;;Tidak;85 cm ;Ya;;Ya;;Ya;;Ya;;Ya;;Ya;;Ya;;Ya;;Ya;;Ya;;Ya;;Ya;;Ya;;Ya;;Ya;;;;;;;
55;08.29;Rizky ;Tuesday, 02 December 2025;Sibuk ;2B ;Pulo Gadung - Harapan Indah ;TJ - 0750;Feeder Bus Besar ;Low Entry ;Ya;;Ya;;Ya;;Ya;;Ya;;Ya;;;;Ya;;Ya;;;;Ya;;Ya;;Ya;;Ya;;Ya;;Ya;;;;Ya;;Ya;;Ya;;;;Ya;;Ya;;;;;;Ya;;Ya;;Ya;;Ya;;;;;;Ya;;Tidak;No Seatbelt ;Ya;;Ya;;Ya;;Tidak;85 cm ;Ya;;Ya;;Ya;;Ya;;Ya;;Tidak;Izin Trayek Tidak ada ;Ya;;Ya;;Ya;;Ya;;Ya;;Ya;;Ya;;Ya;;Ya;;;;;;;
56;09.26;Lihan ;Tuesday, 02 December 2025;Tidak Sibuk ;4K ;Pulo Gadung - Kejaksaan Agung ;DMR - 250217;Feeder Bus Besar ;Single Bus ;Ya;;Ya;;Ya;;Ya;;Ya;;Ya;;;;Ya;;Ya;;;;Ya;;Ya;;Ya;;Ya;;Ya;;Ya;;;;Ya;;Ya;;Ya;;;;Ya;;Ya;;;;;;Ya;;Ya;;Ya;;Ya;;;;;;Ya;;Ya;;Ya;;Ya;;Ya;;;;Ya;;Ya;;Ya;;Ya;;Ya;;Ya;;Ya;;Ya;;Ya;;Ya;;Ya;;Ya;;Ya;;Ya;;Ya;;;;;;;
57;08.32;Lihan ;Tuesday, 02 December 2025;Sibuk ;4K ;Pulo Gadung - Kejaksaan Agung ;DMR - 250156;Feeder Bus Besar ;Single Bus ;Ya;;Ya;;Ya;;Ya;;Ya;;Ya;;;;Ya;;Ya;;;;Ya;;Ya;;Ya;;Ya;;Ya;;Ya;;;;Ya;;Ya;;Ya;;;;Ya;;Ya;;;;;;Ya;;Ya;;Ya;;Ya;;;;;;Ya;;Ya;;Ya;;Ya;;Ya;;;;Ya;;Ya;;Ya;;Ya;;Ya;;Ya;;Ya;;Ya;;Ya;;Ya;;Ya;;Ya;;Ya;;Ya;;Ya;;;;;;;
58;08.36;Lihan ;Tuesday, 02 December 2025;Sibuk ;4K ;Pulo Gadung - Kejaksaan Agung ;DMR - 250155;Feeder Bus Besar ;Single Bus ;Ya;;Ya;;Ya;;Ya;;Ya;;Ya;;;;Ya;;Ya;;;;Ya;;Ya;;Ya;;Ya;;Ya;;Tidak;Resi Bulan Juni 25;;;Ya;;Ya;;Ya;;;;Ya;;Ya;;;;;;Ya;;Ya;;Ya;;Ya;;;;;;Ya;;Ya;;Ya;;Ya;;Ya;;;;Ya;;Ya;;Ya;;Ya;;Ya;;Ya;;Ya;;Ya;;Ya;;Ya;;Ya;;Ya;;Ya;;Ya;;Ya;;;;;;;
59;08.30;Lihan ;Tuesday, 02 December 2025;Sibuk ;4K ;Pulo Gadung - Kejaksaan Agung ;DMR - 250219;Feeder Bus Besar ;Single Bus ;Ya;;Ya;;Ya;;Ya;;Ya;;Ya;;;;Ya;;Ya;;;;Ya;;Ya;;Ya;;Ya;;Ya;;Ya;;;;Ya;;Ya;;Ya;;;;Ya;;Ya;;;;;;Ya;;Ya;;Ya;;Ya;;;;;;Ya;;Ya;;Ya;;Ya;;Ya;;;;Ya;;Ya;;Ya;;Ya;;Ya;;Ya;;Ya;;Ya;;Ya;;Ya;;Ya;;Ya;;Ya;;Ya;;Ya;;;;;;;
60;08.26;Lihan ;Tuesday, 02 December 2025;Sibuk ;4K ;Pulo Gadung - Kejaksaan Agung ;DMR - 250164;Feeder Bus Besar ;Single Bus ;Ya;;Ya;;Ya;;Ya;;Ya;;Ya;;;;Ya;;Ya;;;;Ya;;Ya;;Ya;;Ya;;Ya;;Ya;;;;Ya;;Ya;;Ya;;;;Ya;;Ya;;;;;;Ya;;Ya;;Ya;;Ya;;;;;;Ya;;Ya;;Ya;;Ya;;Ya;;;;Ya;;Ya;;Ya;;Ya;;Ya;;Ya;;Ya;;Ya;;Ya;;Ya;;Ya;;Ya;;Ya;;Ya;;Ya;;;;;;;
61;08.25;Lihan ;Tuesday, 02 December 2025;Tidak Sibuk ;4K ;Pulo Gadung - Kejaksaan Agung ;DMR - 250168;Feeder Bus Besar ;Single Bus ;Ya;;Ya;;Ya;;Ya;;Ya;;Ya;;;;Ya;;Ya;;;;Ya;;Ya;;Ya;;Ya;;Ya;;Ya;;;;Ya;;Ya;;Ya;;;;Ya;;Ya;;;;;;Ya;;Ya;;Ya;;Ya;;;;;;Ya;;Ya;;Ya;;Ya;;Ya;;;;Ya;;Ya;;Ya;;Ya;;Ya;;Ya;;Ya;;Ya;;Ya;;Ya;;Ya;;Ya;;Ya;;Ya;;Ya;;;;;;;
62;08.23;Lihan ;Tuesday, 02 December 2025;Sibuk ;4K ;Pulo Gadung - Kejaksaan Agung ;DMR - 250222;Feeder Bus Besar ;Single Bus ;Ya;;Ya;;Ya;;Ya;;Ya;;Ya;;;;Ya;;Ya;;;;Ya;;Ya;;Ya;;Ya;;Ya;;Ya;;;;Ya;;Ya;;Ya;;;;Ya;;Ya;;;;;;Ya;;Ya;;Ya;;Ya;;;;;;Ya;;Ya;;Ya;;Ya;;Ya;;;;Ya;;Ya;;Ya;;Ya;;Ya;;Ya;;Ya;;Ya;;Ya;;Ya;;Ya;;Ya;;Ya;;Ya;;Ya;;;;;;;
63;08.22;Lihan ;Tuesday, 02 December 2025;Sibuk ;4K ;Pulo Gadung - Kejaksaan Agung ;DMR - 250215;Feeder Bus Besar ;Single Bus ;Ya;;Ya;;Ya;;Ya;;Ya;;Ya;;;;Ya;;Ya;;;;Ya;;Ya;;Ya;;Ya;;Ya;;Ya;;;;Ya;;Ya;;Ya;;;;Ya;;Ya;;;;;;Ya;;Ya;;Ya;;Ya;;;;;;Ya;;Ya;;Ya;;Ya;;Ya;;;;Ya;;Ya;;Ya;;Ya;;Ya;;Ya;;Ya;;Ya;;Ya;;Ya;;Ya;;Ya;;Ya;;Ya;;Ya;;;;;;;
64;08.32;Rizky;Wednesday, 03 December 2025;Sibuk ;8E;Bintaro - Blok M ;KBM - 220016;Feeder Bus Sedang ;Bus Sedang ;Ya;;Ya;;Tidak;Bus Lama ;Ya;;Ya;;Ya;;;;Ya;;Ya;;;;Ya;;Ya;;Ya;;Ya;;Ya;;Ya;;;;Ya;;Ya;;Ya;;;;Ya;;Ya;;;;;;Ya;;Ya;;Ya;;Ya;;;;;;Ya;;Ya;;Ya;;;;Tidak;Tidak Ada Tombol;;;Ya;;Ya;;Ya;;Ya;;Ya;;Ya;;Ya;;Ya;;Ya;;Ya;;Ya;;Ya;;Ya;;Ya;;Ya;;;;;;;
65;09.27;Rizky;Wednesday, 03 December 2025;Tidak Sibuk ;8E;Bintaro - Blok M ;KBM - 220020;Feeder Bus Sedang ;Bus Sedang ;Ya;;Ya;;Tidak;Bus Lama ;Ya;;Ya;;Ya;;;;Ya;;Ya;;;;Ya;;Ya;;Ya;;Ya;;Ya;;Ya;;;;Ya;;Ya;;Ya;;;;Ya;;Ya;;;;;;Ya;;Ya;;Ya;;Ya;;;;;;Ya;;Ya;;Ya;;;;Tidak;Tidak Ada Tombol;;;Ya;;Ya;;Ya;;Ya;;Ya;;Ya;;Ya;;Ya;;Ya;;Ya;;Ya;;Ya;;Ya;;Ya;;Ya;;;;;;;
66;09.22;Rizky;Wednesday, 03 December 2025;Tidak Sibuk ;8E;Bintaro - Blok M ;KBM - 220021;Feeder Bus Sedang ;Bus Sedang ;Ya;;Ya;;Tidak;Bus Lama ;Ya;;Ya;;Ya;;;;Ya;;Ya;;;;Ya;;Ya;;Ya;;Ya;;Ya;;Ya;;;;Ya;;Ya;;Ya;;;;Ya;;Ya;;;;;;Ya;;Ya;;Ya;;Ya;;;;;;Ya;;Ya;;Ya;;;;Tidak;Tidak Ada Tombol;;;Ya;;Ya;;Ya;;Ya;;Ya;;Ya;;Ya;;Ya;;Ya;;Ya;;Ya;;Ya;;Ya;;Ya;;Ya;;;;;;;
67;09.00;Ramon ;Wednesday, 03 December 2025;Sibuk ;1Q;Rempoa - Blok M ;JDM - 230069;Feeder Bus Sedang ;Bus Sedang ;Ya;;Ya;;Ya;;Ya;;Ya;;Ya;;;;Ya;;Ya;;;;Ya;;Ya;;Ya;;Ya;;Ya;;Ya;;;;Ya;;Ya;;Ya;;;;Ya;;Ya;;;;;;Ya;;Ya;;Ya;;Ya;;;;;;Ya;;Ya;;Ya;;;;Ya;;;;Ya;;Ya;;Ya;;Ya;;Ya;;Ya;;Ya;;Ya;;Ya;;Ya;;Ya;;Ya;;Ya;;Ya;;Ya;;;;;;;
68;08.19;Ramon ;Wednesday, 03 December 2025;Sibuk ;1Q;Rempoa - Blok M ;JDM - 230009;Feeder Bus Sedang ;Bus Sedang ;Ya;;Ya;;;;Ya;;Ya;;Ya;;;;Ya;;Ya;;;;Ya;;Ya;;Ya;;Ya;;Ya;;Ya;;;;Ya;;Ya;;Ya;;;;Ya;;Ya;;;;;;Ya;;Ya;;Ya;;Ya;;;;;;Ya;;Ya;;Ya;;;;Ya;;;;Ya;;Ya;;Ya;;Ya;;Ya;;Ya;;Ya;;Ya;;Ya;;Ya;;Ya;;Ya;;Ya;;Ya;;Ya;;;;;;;
69;08.46;Ramon ;Wednesday, 03 December 2025;Sibuk ;1Q;Rempoa - Blok M ;JDM - 230049;Feeder Bus Sedang ;Bus Sedang ;Ya;;Ya;;Ya;;Ya;;Ya;;Ya;;;;Ya;;Ya;;;;Ya;;Ya;;Ya;;Ya;;Ya;;Ya;;;;Ya;;Ya;;Ya;;;;Ya;;Ya;;;;;;Ya;;Ya;;Ya;;Ya;;;;;;Ya;;Ya;;Ya;;;;Ya;;;;Ya;;Ya;;Ya;;Ya;;Ya;;Ya;;Ya;;Ya;;Ya;;Ya;;Ya;;Ya;;Ya;;Ya;;Ya;;;;;;;
70;08.07;Ramon ;Wednesday, 03 December 2025;Sibuk ;1Q;Rempoa - Blok M ;JDM - 230054;Feeder Bus Sedang ;Bus Sedang ;Ya;;Ya;;Ya;;Ya;;Ya;;Ya;;;;Ya;;Ya;;;;Ya;;Ya;;Ya;;Ya;;Ya;;Ya;;;;Ya;;Ya;;Ya;;;;Ya;;Ya;;;;;;Ya;;Ya;;Ya;;Ya;;;;;;Ya;;Ya;;Ya;;;;Ya;;;;Ya;;Ya;;Ya;;Ya;;Ya;;Ya;;Ya;;Ya;;Ya;;Ya;;Ya;;Ya;;Ya;;Ya;;Ya;;;;;;;
71;12.23;Ramon ;Wednesday, 03 December 2025;Sibuk ;1W;Ancol - Blok M ;DMR - 250187;Feeder Bus Besar ;Single Bus ;Ya;;Ya;;Ya;;Ya;;Ya;;Ya;;;;Ya;;Ya;;;;Ya;;Ya;;Ya;;Ya;;Ya;;Ya;;;;Ya;;Ya;;Ya;;;;Ya;;Ya;;;;;;Ya;;Ya;;Ya;;Ya;;;;;;Ya;;Ya;;Ya;;Ya;;Ya;;;;Ya;;Ya;;Ya;;Ya;;Ya;;Ya;;Ya;;Ya;;Ya;;Ya;;Ya;;Ya;;Ya;;Ya;;Ya;;;;;;;
72;10.43;Ramon ;Wednesday, 03 December 2025;Sibuk ;1W;Ancol - Blok M ;DMR - 250236;Feeder Bus Besar ;Single Bus ;Ya;;Ya;;Ya;;Ya;;Ya;;Ya;;;;Ya;;Ya;;;;Ya;;Ya;;Ya;;Ya;;Ya;;Ya;;;;Ya;;Ya;;Ya;;;;Ya;;Ya;;;;;;Ya;;Ya;;Ya;;Ya;;;;;;Ya;;Ya;;Ya;;Ya;;Ya;;;;Ya;;Ya;;Ya;;Ya;;Ya;;Ya;;Ya;;Ya;;Ya;;Ya;;Ya;;Ya;;Ya;;Ya;;Ya;;;;;;;
73;11.05;Ramon ;Wednesday, 03 December 2025;Sibuk ;1W;Ancol - Blok M ;DMR - 250251;Feeder Bus Besar ;Single Bus ;Ya;;Ya;;Ya;;Ya;;Ya;;Ya;;;;Ya;;Ya;;;;Ya;;Ya;;Ya;;Ya;;Ya;;Ya;;;;Ya;;Ya;;Ya;;;;Ya;;Ya;;;;;;Ya;;Ya;;Ya;;Ya;;;;;;Ya;;Ya;;Ya;;Ya;;Ya;;;;Ya;;Ya;;Ya;;Ya;;Ya;;Ya;;Ya;;Ya;;Ya;;Ya;;Ya;;Ya;;Ya;;Ya;;Ya;;;;;;;
74;11.15;Ramon ;Wednesday, 03 December 2025;Sibuk ;1W;Ancol - Blok M ;DMR - 250221;Feeder Bus Besar ;Single Bus ;Ya;;Ya;;Ya;;Ya;;Ya;;Ya;;;;Ya;;Ya;;;;Ya;;Ya;;Ya;;Ya;;Ya;;Ya;;;;Ya;;Ya;;Ya;;;;Ya;;Ya;;;;;;Ya;;Ya;;Ya;;Ya;;;;;;Ya;;Ya;;Ya;;Ya;;Ya;;;;Ya;;Ya;;Ya;;Ya;;Ya;;Ya;;Ya;;Ya;;Ya;;Ya;;Ya;;Ya;;Ya;;Ya;;Ya;;;;;;;
75;12.28;Ramon ;Wednesday, 03 December 2025;Sibuk ;1W;Ancol - Blok M ;DMR - 250206;Feeder Bus Besar ;Single Bus ;Ya;;Ya;;Ya;;Ya;;Ya;;Ya;;;;Ya;;Ya;;;;Ya;;Ya;;Ya;;Ya;;Ya;;Ya;;;;Ya;;Ya;;Ya;;;;Ya;;Ya;;;;;;Ya;;Ya;;Ya;;Ya;;;;;;Ya;;Ya;;Ya;;Ya;;Ya;;;;Ya;;Ya;;Ya;;Ya;;Ya;;Ya;;Ya;;Ya;;Ya;;Ya;;Ya;;Ya;;Ya;;Ya;;Ya;;;;;;;
76;10.07;Ramon ;Wednesday, 03 December 2025;Sibuk ;6M ;Stasiun Manggarai - Blok M ;MYS - 19206;Feeder Bus Besar ;Single Bus ;Ya;;Ya;;Ya;;Ya;;Ya;;Ya;;;;Ya;;Ya;;;;Ya;;Ya;;Ya;;Ya;;Ya;;Ya;;;;Ya;;Ya;;Ya;;;;Ya;;Ya;;;;;;Ya;;Ya;;Ya;;Ya;;;;;;Ya;;Tidak;Tidak Ada Seatbelt;Ya;;Ya;;Tidak;Tidak Ada ;;;Ya;;Ya;;Ya;;Ya;;Ya;;Ya;;Ya;;Ya;;Ya;;Ya;;Ya;;Ya;;Ya;;Ya;;Ya;;;;;;;
77;10.29;Ramon ;Wednesday, 03 December 2025;Sibuk ;6M ;Stasiun Manggarai - Blok M ;MYS - 19220;Feeder Bus Besar ;Single Bus ;Ya;;Ya;;Ya;;Ya;;Ya;;Ya;;;;Ya;;Ya;;;;Ya;;Ya;;Ya;;Ya;;Ya;;Ya;;;;Ya;;Ya;;Ya;;;;Ya;;Ya;;;;;;Ya;;Ya;;Ya;;Ya;;;;;;Ya;;Tidak;Tidak Ada Seatbelt;Ya;;Ya;;Tidak;Tidak Ada ;;;Ya;;Ya;;Ya;;Ya;;Ya;;Ya;;Ya;;Ya;;Ya;;Ya;;Ya;;Ya;;Ya;;Ya;;Ya;;;;;;;
78;09.25;Ramon ;Wednesday, 03 December 2025;Sibuk ;6M ;Stasiun Manggarai - Blok M ;DMR - 195;Feeder Bus Besar ;Single Bus ;Ya;;Ya;;Ya;;Ya;;Ya;;Ya;;;;Ya;;Ya;;;;Ya;;Ya;;Ya;;Ya;;Ya;;Ya;;;;Ya;;Tidak;Tidak Ada Plester ;Ya;;;;Ya;;Ya;;;;;;Ya;;Ya;;Ya;;Ya;;;;;;Ya;;Tidak;Tidak Ada Seatbelt;Ya;;Tidak;Tidak Ada Strap;Tidak;Tidak Ada ;;;Ya;;Ya;;Ya;;Ya;;Ya;;Ya;;Ya;;Ya;;Ya;;Ya;;Ya;;Ya;;Ya;;Ya;;Ya;;;;;;;
79;09.51;Ramon ;Wednesday, 03 December 2025;Sibuk ;6M ;Stasiun Manggarai - Blok M ;DMR - 684;Feeder Bus Besar ;Single Bus ;Ya;;Ya;;Ya;;Ya;;Ya;;Ya;;;;Ya;;Ya;;;;Ya;;Ya;;Ya;;Ya;;Ya;;Ya;;;;Ya;;Ya;;Ya;;;;Ya;;Ya;;;;;;Ya;;Ya;;Ya;;Ya;;;;;;Ya;;Tidak;Tidak Ada Seatbelt;Ya;;Tidak;Tidak Ada Strap;Tidak;Tidak Ada ;;;Ya;;Ya;;Ya;;Ya;;Ya;;Ya;;Ya;;Ya;;Ya;;Ya;;Ya;;Ya;;Ya;;Ya;;Ya;;;;;;;
80;09.38;Ramon ;Wednesday, 03 December 2025;Sibuk ;6M ;Stasiun Manggarai - Blok M ;SAF - 209;Feeder Bus Besar ;Maxi;Ya;;Ya;;Ya;;Ya;;Ya;;Ya;;;;Ya;;Ya;;;;Ya;;Ya;;Ya;;Ya;;Ya;;Ya;;;;Ya;;Tidak;Kasa Tidak Terbungkus ;Ya;;;;Ya;;Ya;;;;;;Ya;;Ya;;Ya;;Ya;;;;;;Ya;;Tidak;Tidak Ada Seatbelt;Ya;;Ya;;Tidak;Tidak Ada ;;;Ya;;Ya;;Ya;;Ya;;Ya;;Ya;;Ya;;Ya;;Ya;;Ya;;Ya;;Ya;;Ya;;Ya;;Ya;;;;;;;
81;10.20;Ramon ;Wednesday, 03 December 2025;Sibuk ;6M ;Stasiun Manggarai - Blok M ;SAF - 025;Feeder Bus Besar ;Maxi;Ya;;Ya;;Ya;;Ya;;Ya;;Ya;;;;Ya;;Ya;;;;Ya;;Ya;;Ya;;Ya;;Ya;;Ya;;;;Ya;;Ya;;Ya;;;;Ya;;Ya;;;;;;Ya;;Ya;;Ya;;Ya;;;;;;Ya;;Tidak;Tidak Ada Seatbelt;Ya;;Ya;;Tidak;Tidak Ada ;;;Ya;;Ya;;Ya;;Ya;;Ya;;Ya;;Ya;;Ya;;Ya;;Ya;;Ya;;Ya;;Ya;;Ya;;Ya;;;;;;;
82;11.00;Novi;Wednesday, 03 December 2025;Tidak Sibuk ;1P ;Blok M - Senen ;TJ - 0707;Feeder Bus Besar ;Low Entry;Ya;;Ya;;Tidak;Tidak Tersedia ;Ya;;Ya;;Ya;;;;Ya;;Ya;;;;Ya;;Ya;;Ya;;Ya;;Ya;;Ya;;;;Ya;;Ya;;Ya;;;;Ya;;Ya;;;;;;Ya;;Ya;;Ya;;Ya;;;;;;Ya;;Tidak;Seatbelt Tidak Ada ;Ya;;Ya;;Ya;;Tidak;85 cm ;Ya;;Ya;;Ya;;Ya;;Ya;;Ya;;Ya;;Ya;;Ya;;Ya;;Ya;;Ya;;Ya;;Ya;;Ya;;;;;;;
83;11.10;Novi;Wednesday, 03 December 2025;Tidak Sibuk ;1P ;Blok M - Senen ;TJ - 0765;Feeder Bus Besar ;Low Entry;Ya;;Ya;;Ya;;Ya;;Ya;;Ya;;;;Ya;;Ya;;;;Ya;;Ya;;Ya;;Ya;;Ya;;Ya;;;;Ya;;Ya;;Ya;;;;Ya;;Ya;;;;;;Ya;;Ya;;Ya;;Ya;;;;;;Ya;;Tidak;Seatbelt Tidak Ada ;Ya;;Ya;;Ya;;Tidak;85 cm ;Ya;;Ya;;Ya;;Ya;;Ya;;Ya;;Ya;;Ya;;Ya;;Ya;;Ya;;Ya;;Ya;;Ya;;Ya;;;;;;;
84;12.03;Novi;Wednesday, 03 December 2025;Tidak Sibuk ;1P ;Blok M - Senen ;TJ - 0694;Feeder Bus Besar ;Low Entry;Ya;;Ya;;Tidak;Tidak Tersedia ;Ya;;Ya;;Ya;;;;Ya;;Ya;;;;Ya;;Ya;;Ya;;Ya;;Ya;;Ya;;;;Ya;;Ya;;Ya;;;;Ya;;Ya;;;;;;Ya;;Ya;;Ya;;Ya;;;;;;Ya;;Tidak;Seatbelt Tidak Ada ;Ya;;Ya;;Ya;;Tidak;85 cm ;Ya;;Ya;;Ya;;Ya;;Ya;;Ya;;Ya;;Ya;;Ya;;Ya;;Ya;;Ya;;Ya;;Ya;;Ya;;;;;;;
85;11.52;Novi;Wednesday, 03 December 2025;Tidak Sibuk ;1P ;Blok M - Senen ;DMR - 230118;Feeder Bus Besar ;Low Entry;Ya;;Ya;;Tidak;Tidak Tersedia ;Ya;;Ya;;Ya;;;;Ya;;Ya;;;;Ya;;Ya;;Ya;;Ya;;Ya;;Ya;;;;Ya;;Ya;;Ya;;;;Ya;;Ya;;;;;;Ya;;Ya;;Ya;;Ya;;;;;;Ya;;Ya;;Ya;;Ya;;Ya;;Ya;92 cm ;Ya;;Ya;;Ya;;Ya;;Ya;;Ya;;Ya;;Ya;;Ya;;Ya;;Ya;;Ya;;Ya;;Ya;;Ya;;;;;;;
86;11.36;Novi;Wednesday, 03 December 2025;Tidak Sibuk ;1P ;Blok M - Senen ;DMR - 230119;Feeder Bus Besar ;Low Entry;Ya;;Ya;;Tidak;Tidak Tersedia ;Ya;;Ya;;Ya;;;;Ya;;Ya;;;;Ya;;Ya;;Ya;;Ya;;Ya;;Ya;;;;Ya;;Ya;;Ya;;;;Ya;;Ya;;;;;;Ya;;Ya;;Ya;;Ya;;;;;;Ya;;Ya;;Ya;;Ya;;Ya;;Ya;92 cm ;Ya;;Ya;;Ya;;Ya;;Ya;;Ya;;Ya;;Ya;;Ya;;Ya;;Ya;;Ya;;Ya;;Ya;;Ya;;;;;;;
87;11.04;Novi;Wednesday, 03 December 2025;Tidak Sibuk ;1P ;Blok M - Senen ;DMR - 230110;Feeder Bus Besar ;Low Entry;Ya;;Ya;;Tidak;Tidak Tersedia ;Ya;;Ya;;Ya;;;;Ya;;Ya;;;;Ya;;Ya;;Ya;;Ya;;Ya;;Ya;;;;Ya;;Ya;;Ya;;;;Ya;;Ya;;;;;;Ya;;Ya;;Ya;;Ya;;;;;;Ya;;Ya;;Ya;;Ya;;Ya;;Ya;92 cm ;Ya;;Ya;;Ya;;Ya;;Ya;;Ya;;Ya;;Ya;;Ya;;Ya;;Ya;;Ya;;Ya;;Ya;;Ya;;;;;;;
88;09.35;Ibrahim ;Wednesday, 03 December 2025;Sibuk ;6H;Senen - Lebak Bulus ;DMR - 250284;Feeder Bus Besar ;Single Bus ;Ya;;Ya;;Ya;;Ya;;Ya;;Ya;;;;Ya;;Ya;;;;Ya;;Ya;;Ya;;Ya;;Ya;;Ya;;;;Ya;;Ya;;Ya;;;;Ya;;Ya;;;;;;Ya;;Ya;;Ya;;Ya;;;;;;Ya;;Ya;;Ya;;Ya;;Ya;;;;Ya;;Ya;;Ya;;Ya;;Ya;;Ya;;Ya;;Ya;;Ya;;Ya;;Ya;;Ya;;Ya;;Ya;;Ya;;;;;;;
89;09.54;Ibrahim ;Wednesday, 03 December 2025;Tidak Sibuk ;6H;Senen - Lebak Bulus ;DMR - 250290;Feeder Bus Besar ;Single Bus ;Ya;;Ya;;Ya;;Ya;;Ya;;Ya;;;;Ya;;Ya;;;;Ya;;Ya;;Ya;;Ya;;Ya;;Ya;;;;Ya;;Ya;;Ya;;;;Ya;;Ya;;;;;;Ya;;Ya;;Ya;;Ya;;;;;;Ya;;Ya;;Ya;;Ya;;Ya;;;;Ya;;Ya;;Ya;;Ya;;Ya;;Ya;;Ya;;Ya;;Ya;;Ya;;Ya;;Ya;;Ya;;Ya;;Ya;;;;;;;
90;10.00;Ibrahim ;Wednesday, 03 December 2025;Tidak Sibuk ;6H;Senen - Lebak Bulus ;DMR - 250288;Feeder Bus Besar ;Single Bus ;Ya;;Ya;;Ya;;Ya;;Ya;;Ya;;;;Ya;;Ya;;;;Ya;;Ya;;Ya;;Ya;;Ya;;Ya;;;;Ya;;Ya;;Ya;;;;Ya;;Ya;;;;;;Ya;;Ya;;Ya;;Ya;;;;;;Ya;;Ya;;Ya;;Ya;;Ya;;;;Ya;;Ya;;Ya;;Ya;;Ya;;Ya;;Ya;;Ya;;Ya;;Ya;;Ya;;Ya;;Ya;;Ya;;Ya;;;;;;;
91;10.14;Ibrahim ;Wednesday, 03 December 2025;Tidak Sibuk ;6H;Senen - Lebak Bulus ;DMR - 250293;Feeder Bus Besar ;Single Bus ;Ya;;Ya;;Ya;;Ya;;Ya;;Ya;;;;Ya;;Ya;;;;Ya;;Ya;;Ya;;Ya;;Ya;;Ya;;;;Ya;;Ya;;Ya;;;;Ya;;Ya;;;;;;Ya;;Ya;;Ya;;Ya;;;;;;Ya;;Ya;;Ya;;Ya;;Ya;;;;Ya;;Ya;;Ya;;Ya;;Ya;;Ya;;Ya;;Ya;;Ya;;Ya;;Ya;;Ya;;Ya;;Ya;;Ya;;;;;;;
92;10.05;Ibrahim ;Wednesday, 03 December 2025;Tidak Sibuk ;6H;Senen - Lebak Bulus ;DMR - 250289;Feeder Bus Besar ;Single Bus ;Ya;;Ya;;Ya;;Ya;;Ya;;Ya;;;;Ya;;Ya;;;;Ya;;Ya;;Ya;;Ya;;Ya;;Ya;;;;Ya;;Ya;;Ya;;;;Ya;;Ya;;;;;;Ya;;Ya;;Ya;;Ya;;;;;;Ya;;Ya;;Ya;;Ya;;Ya;;;;Ya;;Ya;;Ya;;Ya;;Ya;;Ya;;Ya;;Ya;;Ya;;Ya;;Ya;;Ya;;Ya;;Ya;;Ya;;;;;;;
93;10.20;Ibrahim ;Wednesday, 03 December 2025;Tidak Sibuk ;6H;Senen - Lebak Bulus ;DMR - 250189;Feeder Bus Besar ;Single Bus ;Ya;;Ya;;Ya;;Ya;;Ya;;Ya;;;;Ya;;Ya;;;;Ya;;Ya;;Ya;;Ya;;Ya;;Ya;;;;Ya;;Ya;;Ya;;;;Ya;;Ya;;;;;;Ya;;Ya;;Ya;;Ya;;;;;;Ya;;Ya;;Ya;;Ya;;Ya;;;;Ya;;Ya;;Ya;;Ya;;Ya;;Ya;;Ya;;Ya;;Ya;;Ya;;Ya;;Ya;;Ya;;Ya;;Ya;;;;;;;
94;10.30;Ibrahim ;Wednesday, 03 December 2025;Tidak Sibuk ;6H;Senen - Lebak Bulus ;DMR - 250287;Feeder Bus Besar ;Single Bus ;Ya;;Ya;;Ya;;Ya;;Ya;;Ya;;;;Ya;;Ya;;;;Ya;;Ya;;Ya;;Ya;;Ya;;Ya;;;;Ya;;Ya;;Ya;;;;Ya;;Ya;;;;;;Ya;;Ya;;Ya;;Ya;;;;;;Ya;;Ya;;Ya;;Ya;;Ya;;;;Ya;;Ya;;Ya;;Ya;;Ya;;Ya;;Ya;;Ya;;Ya;;Ya;;Ya;;Ya;;Ya;;Ya;;Ya;;;;;;;
95;10.41;Ibrahim ;Wednesday, 03 December 2025;Tidak Sibuk ;6H;Senen - Lebak Bulus ;DMR - 250286;Feeder Bus Besar ;Single Bus ;Ya;;Ya;;Ya;;Ya;;Ya;;Ya;;;;Ya;;Ya;;;;Ya;;Ya;;Ya;;Ya;;Ya;;Ya;;;;Ya;;Ya;;Ya;;;;Ya;;Ya;;;;;;Ya;;Ya;;Ya;;Ya;;;;;;Ya;;Ya;;Ya;;Ya;;Ya;;;;Ya;;Ya;;Ya;;Ya;;Ya;;Ya;;Ya;;Ya;;Ya;;Ya;;Ya;;Ya;;Ya;;Ya;;Ya;;;;;;;
96;09.44;Ibrahim ;Wednesday, 03 December 2025;Tidak Sibuk ;6H;Senen - Lebak Bulus ;MYS - 18170;Feeder Bus Besar ;Single Bus ;Ya;;Ya;;Tidak;Tidak Tersedia ;Ya;;Ya;;Ya;;;;Ya;;Ya;;;;Ya;;Ya;;Ya;;Ya;;Ya;;Ya;;;;Ya;;Ya;;Ya;;;;Ya;;Ya;;;;;;Ya;;Ya;;Ya;;Ya;;;;;;Ya;;Tidak;Seatbelt N/A ;Ya;;Ya;;Tidak;Tombol N/A;;;Ya;;Ya;;Ya;;Ya;;Ya;;Ya;;Ya;;Ya;;Ya;;Ya;;Ya;;Ya;;Ya;;Ya;;Ya;;;;;;;
97;09.30;Wiji ;Wednesday, 03 December 2025;Sibuk ;6U;Blok M - Pasar Minggu ;MBT - 240664;Feeder Bus Sedang ;Bus Sedang ;Ya;;Ya;;Ya;;Ya;;Ya;;Ya;;;;Ya;;Ya;;;;Ya;;Ya;;Ya;;Ya;;Ya;;Ya;;;;Ya;;Ya;;Ya;;;;Ya;;Ya;;;;;;Ya;;Ya;;Ya;;Ya;;;;;;Ya;;Ya;;Ya;;;;Ya;;;;Ya;;Ya;;Ya;;Ya;;Ya;;Ya;;Ya;;Ya;;Ya;;Ya;;Ya;;Ya;;Ya;;Ya;;Ya;;;;;;;
98;08.45;Wiji ;Wednesday, 03 December 2025;Sibuk ;6U;Blok M - Pasar Minggu ;MBT - 240620;Feeder Bus Sedang ;Bus Sedang ;Ya;;Ya;;Ya;;Ya;;Ya;;Ya;;;;Ya;;Ya;;;;Ya;;Ya;;Ya;;Ya;;Ya;;Ya;;;;Ya;;Ya;;Ya;;;;Ya;;Ya;;;;;;Ya;;Ya;;Ya;;Ya;;;;;;Ya;;Ya;;Ya;;;;Ya;;;;Ya;;Ya;;Ya;;Ya;;Ya;;Ya;;Ya;;Ya;;Ya;;Ya;;Ya;;Ya;;Ya;;Ya;;Ya;;;;;;;
99;08.30;Wiji ;Wednesday, 03 December 2025;Sibuk ;6U;Blok M - Pasar Minggu ;MBT - 240601;Feeder Bus Sedang ;Bus Sedang ;Ya;;Ya;;Ya;;Ya;;Ya;;Ya;;;;Ya;;Ya;;;;Ya;;Ya;;Ya;;Ya;;Ya;;Ya;;;;Ya;;Ya;;Ya;;;;Ya;;Ya;;;;;;Ya;;Ya;;Ya;;Ya;;;;;;Ya;;Ya;;Ya;;;;Ya;;;;Ya;;Ya;;Ya;;Ya;;Ya;;Ya;;Ya;;Ya;;Ya;;Ya;;Ya;;Ya;;Ya;;Ya;;Ya;;;;;;;
100;08.18;Wiji ;Wednesday, 03 December 2025;Sibuk ;6U;Blok M - Pasar Minggu ;MBT - 240610;Feeder Bus Sedang ;Bus Sedang ;Ya;;Ya;;Ya;;Ya;;Ya;;Ya;;;;Ya;;Ya;;;;Ya;;Ya;;Ya;;Ya;;Ya;;Ya;;;;Ya;;Ya;;Ya;;;;Ya;;Ya;;;;;;Ya;;Ya;;Ya;;Ya;;;;;;Ya;;Ya;;Ya;;;;Ya;;;;Ya;;Ya;;Ya;;Ya;;Ya;;Ya;;Ya;;Ya;;Ya;;Ya;;Ya;;Ya;;Ya;;Ya;;Ya;;;;;;;
101;09.10;Wiji ;Wednesday, 03 December 2025;Sibuk ;8D;Blok M - Meruya Selatan (Joglo);JDM - 230058;Feeder Bus Sedang ;Bus Sedang ;Ya;;Ya;;Ya;;Ya;;Ya;;Ya;;;;Ya;;Ya;;;;Ya;;Ya;;Ya;;Ya;;Ya;;Ya;;;;Ya;;Ya;;Ya;;;;Ya;;Ya;;;;;;Ya;;Ya;;Ya;;Ya;;;;;;Ya;;Ya;;Ya;;;;Ya;;;;Ya;;Ya;;Ya;;Ya;;Ya;;Ya;;Ya;;Ya;;Ya;;Ya;;Ya;;Ya;;Ya;;Ya;;Ya;;;;;;;
102;09.16;Wiji ;Wednesday, 03 December 2025;Sibuk ;8D;Blok M - Meruya Selatan (Joglo);JDM - 230073;Feeder Bus Sedang ;Bus Sedang ;Ya;;Ya;;Ya;;Ya;;Ya;;Ya;;;;Ya;;Ya;;;;Ya;;Ya;;Ya;;Ya;;Ya;;Ya;;;;Ya;;Ya;;Ya;;;;Ya;;Ya;;;;;;Ya;;Ya;;Ya;;Ya;;;;;;Ya;;Ya;;Ya;;;;Ya;;;;Ya;;Ya;;Ya;;Ya;;Ya;;Ya;;Ya;;Ya;;Ya;;Ya;;Ya;;Ya;;Ya;;Ya;;Ya;;;;;;;
103;09.00;Wiji ;Wednesday, 03 December 2025;Sibuk ;8D;Blok M - Meruya Selatan (Joglo);JDM - 230023;Feeder Bus Sedang ;Bus Sedang ;Ya;;Ya;;Ya;;Ya;;Ya;;Ya;;;;Ya;;Ya;;;;Ya;;Ya;;Ya;;Ya;;Ya;;Ya;;;;Ya;;Ya;;Ya;;;;Ya;;Ya;;;;;;Ya;;Ya;;Ya;;Ya;;;;;;Ya;;Ya;;Ya;;;;Ya;;;;Ya;;Ya;;Ya;;Ya;;Ya;;Ya;;Ya;;Ya;;Ya;;Ya;;Ya;;Ya;;Ya;;Ya;;Ya;;;;;;;
104;09.40;Wiji ;Wednesday, 03 December 2025;Sibuk ;8D;Blok M - Meruya Selatan (Joglo);JDM - 230010;Feeder Bus Sedang ;Bus Sedang ;Ya;;Ya;;Ya;;Ya;;Ya;;Ya;;;;Ya;;Ya;;;;Ya;;Ya;;Ya;;Ya;;Ya;;Ya;;;;Ya;;Ya;;Ya;;;;Ya;;Ya;;;;;;Ya;;Ya;;Ya;;Ya;;;;;;Ya;;Ya;;Ya;;;;Ya;;;;Ya;;Ya;;Ya;;Ya;;Ya;;Ya;;Ya;;Ya;;Ya;;Ya;;Ya;;Ya;;Ya;;Ya;;Ya;;;;;;;
105;08.43;Lihan ;Wednesday, 03 December 2025;Sibuk ;1C;Pesanggrahan - Blok M ;KBM - 220007;Feeder Bus Sedang ;Bus Sedang ;Ya;;Ya;;Tidak;Tidak Tersedia ;Ya;;Ya;;Ya;;;;Ya;;Ya;;;;Ya;;Ya;;Ya;;Ya;;Ya;;Ya;;;;Ya;;Ya;;Ya;;;;Ya;;Ya;;;;;;Ya;;Ya;;Ya;;Ya;;;;;;Ya;;Ya;;Ya;;;;Tidak;Tidak Tersedia ;;;Ya;;Ya;;Ya;;Ya;;Ya;;Ya;;Ya;;Ya;;Ya;;Ya;;Ya;;Ya;;Ya;;Ya;;Ya;;;;;;;
106;08.39;Lihan ;Wednesday, 03 December 2025;Sibuk ;1C;Pesanggrahan - Blok M ;KBM - 220013;Feeder Bus Sedang ;Bus Sedang ;Ya;;Ya;;Tidak;Tidak Tersedia ;Ya;;Ya;;Ya;;;;Ya;;Ya;;;;Ya;;Ya;;Ya;;Ya;;Ya;;Ya;;;;Ya;;Ya;;Ya;;;;Ya;;Ya;;;;;;Ya;;Ya;;Ya;;Ya;;;;;;Ya;;Ya;;Ya;;;;Tidak;Tidak Tersedia ;;;Ya;;Ya;;Ya;;Ya;;Ya;;Ya;;Ya;;Ya;;Ya;;Ya;;Ya;;Ya;;Ya;;Ya;;Ya;;;;;;;
107;08.46;Lihan ;Wednesday, 03 December 2025;Sibuk ;1C;Pesanggrahan - Blok M ;KBM - 220003;Feeder Bus Sedang ;Bus Sedang ;Ya;;Ya;;Tidak;Tidak Tersedia ;Ya;;Ya;;Ya;;;;Ya;;Ya;;;;Ya;;Ya;;Ya;;Ya;;Ya;;Ya;;;;Ya;;Ya;;Ya;;;;Ya;;Ya;;;;;;Ya;;Ya;;Ya;;Ya;;;;;;Ya;;Ya;;Ya;;;;Tidak;Tidak Tersedia ;;;Ya;;Ya;;Ya;;Ya;;Ya;;Ya;;Ya;;Ya;;Ya;;Ya;;Ya;;Ya;;Ya;;Ya;;Ya;;;;;;;
108;09.07;Lihan ;Wednesday, 03 December 2025;Tidak Sibuk ;1C;Pesanggrahan - Blok M ;KBM - 220010;Feeder Bus Sedang ;Bus Sedang ;Ya;;Ya;;Tidak;Tidak Tersedia ;Ya;;Ya;;Ya;;;;Ya;;Ya;;;;Ya;;Ya;;Ya;;Ya;;Ya;;Ya;;;;Ya;;Ya;;Ya;;;;Ya;;Ya;;;;;;Ya;;Ya;;Ya;;Ya;;;;;;Ya;;Ya;;Ya;;;;Tidak;Tidak Tersedia ;;;Ya;;Ya;;Ya;;Ya;;Ya;;Ya;;Ya;;Ya;;Ya;;Ya;;Ya;;Ya;;Ya;;Ya;;Ya;;;;;;;
109;08.26;Lihan ;Wednesday, 03 December 2025;Sibuk ;1E;Pondok Labu - Blok M ;TJ - 829;Feeder Bus Besar;Low Entry ;Ya;;Ya;;Tidak;Tidak Tersedia ;Ya;;Ya;;Ya;;;;Ya;;Ya;;;;Ya;;Ya;;Ya;;Ya;;Ya;;Ya;;;;Ya;;Ya;;Tidak;Handgrip 20;;;Ya;;Ya;;;;;;Ya;;Ya;;Ya;;Ya;;;;;;Ya;;Tidak;Seatbelt Tidak Ada ;Ya;;Ya;;Ya;;Ya;;Ya;;Ya;;Ya;;Ya;;Ya;;Ya;;Ya;;Ya;;Ya;;Ya;;Ya;;Ya;;Ya;;Ya;;Ya;;;;;;;
110;08.48;Lihan ;Wednesday, 03 December 2025;Sibuk ;1E;Pondok Labu - Blok M ;TJ - 0497;Feeder Bus Besar;Low Entry ;Ya;;Ya;;Tidak;Tidak Tersedia ;Ya;;Ya;;Ya;;;;Ya;;Ya;;;;Ya;;Ya;;Ya;;Ya;;Ya;;Ya;;;;Ya;;Ya;;Ya;;;;Ya;;Ya;;;;;;Ya;;Ya;;Ya;;Ya;;;;;;Ya;;Tidak;Seatbelt Tidak Ada ;Ya;;Ya;;Ya;;Tidak;85 cm;Ya;;Ya;;Ya;;Ya;;Ya;;Ya;;Ya;;Ya;;Ya;;Ya;;Ya;;Ya;;Ya;;Ya;;Ya;;;;;;;
111;08.54;Lihan ;Wednesday, 03 December 2025;Sibuk ;1E;Pondok Labu - Blok M ;TJ - 837;Feeder Bus Besar;Low Entry ;Ya;;Ya;;Tidak;Tidak Tersedia ;Ya;;Ya;;Ya;;;;Ya;;Ya;;;;Ya;;Ya;;Ya;;Ya;;Ya;;Ya;;;;Ya;;Ya;;Tidak;Handgrip 20;;;Ya;;Ya;;;;;;Ya;;Ya;;Ya;;Ya;;;;;;Ya;;Tidak;Seatbelt Tidak Ada ;Ya;;Ya;;Tidak;Tombol Tidak Menyala ;Ya;;Ya;;Ya;;Ya;;Ya;;Ya;;Ya;;Ya;;Ya;;Ya;;Ya;;Ya;;Ya;;Ya;;Ya;;Ya;;;;;;;
112;09.03;Lihan ;Wednesday, 03 December 2025;Tidak Sibuk ;1E;Pondok Labu - Blok M ;TJ - 821;Feeder Bus Besar;Low Entry ;Ya;;Ya;;Tidak;Tidak Tersedia ;Ya;;Ya;;Ya;;;;Ya;;Ya;;;;Ya;;Ya;;Ya;;Ya;;Ya;;Ya;;;;Ya;;Ya;;Tidak;Handgrip 20;;;Ya;;Ya;;;;;;Ya;;Ya;;Ya;;Ya;;;;;;Ya;;Tidak;Seatbelt Tidak Ada ;Ya;;Ya;;Tidak;Tombol Tidak Menyala ;Ya;;Ya;;Ya;;Ya;;Ya;;Ya;;Ya;;Ya;;Ya;;Ya;;Ya;;Ya;;Ya;;Ya;;Ya;;Ya;;;;;;;
113;10.44;Irsan ;Wednesday, 03 December 2025;Tidak Sibuk ;6W;Duren 3 - Blok M Via Bangka ;TSW - 009;Feeder Bus Sedang ;Bus Sedang ;Ya;;Ya;;Tidak;Tidak Tersedia ;Ya;;Ya;;Ya;;;;Ya;;Ya;;;;Ya;;Ya;;Ya;;Ya;;Ya;;Ya;;;;Ya;;Ya;;Ya;;;;Ya;;Ya;;;;;;Ya;;Ya;;Ya;;Ya;;;;;;Ya;;Ya;;Ya;Ada Tapi Terkelupas ;;;Tidak;Tidak Tersedia ;;;Ya;;Ya;;Ya;;Ya;;Ya;;Ya;;Ya;;Ya;;Ya;;Ya;;Ya;;Ya;;Ya;;Ya;;Ya;;;;;;;
114;10.15;Irsan ;Wednesday, 03 December 2025;Tidak Sibuk ;1N ;Blok M - Tanah Abang ;TJ - 0701;Feeder Bus Besar;Low Entry ;Ya;;Ya;;Tidak;Tidak Tersedia ;Ya;;Ya;;Ya;;;;Ya;;Ya;;;;Ya;;Ya;;Ya;;Ya;;Ya;;Ya;;;;Ya;;Ya;;Ya;;;;Ya;;Ya;;;;;;Ya;;Ya;;Ya;;Ya;;;;;;Ya;;Tidak;Tidak ada seatbelt ;Ya;;Ya;;Ya;;Ya;;Ya;;Ya;;Ya;;Ya;;Ya;;Ya;;Ya;;Ya;;Ya;;Ya;;Ya;;Ya;;Ya;;Ya;;Ya;;;;;;;
115;09.09;Irsan ;Wednesday, 03 December 2025;Tidak Sibuk ;1N ;Blok M - Tanah Abang ;TJ - 0725;Feeder Bus Besar;Low Entry ;Ya;;Ya;;Tidak;Tidak Tersedia ;Ya;;Ya;;Ya;;;;Ya;;Ya;;;;Ya;;Ya;;Ya;;Ya;;Ya;;Ya;;;;Ya;;Ya;;Ya;;;;Ya;;Ya;;;;;;Ya;;Ya;;Ya;;Ya;;;;;;Ya;;Tidak;Tidak ada seatbelt ;Ya;;Ya;;Ya;;Ya;;Ya;;Ya;;Ya;;Ya;;Ya;;Ya;;Ya;;Ya;;Ya;;Ya;;Ya;;Ya;;Ya;;Ya;;Ya;;;;;;;
116;09.35;Irsan ;Wednesday, 03 December 2025;Tidak Sibuk ;1N ;Blok M - Tanah Abang ;TJ - 0708;Feeder Bus Besar;Low Entry ;Ya;;Ya;;Tidak;Tidak Tersedia ;Ya;;Ya;;Ya;;;;Ya;;Ya;;;;Ya;;Ya;;Ya;;Ya;;Ya;;Ya;;;;Ya;;Ya;;Ya;;;;Ya;;Ya;;;;;;Ya;;Ya;;Ya;;Ya;;;;;;Ya;;Tidak;Tidak ada seatbelt ;Ya;;Ya;;Ya;;Ya;;Ya;;Ya;;Ya;;Ya;;Ya;;Ya;;Ya;;Ya;;Ya;;Ya;;Ya;;Ya;;Ya;;Ya;;Ya;;;;;;;
117;09.50;Irsan ;Wednesday, 03 December 2025;Tidak Sibuk ;1N ;Blok M - Tanah Abang ;TJ - 0665;Feeder Bus Besar;Low Entry ;Ya;;Ya;;Tidak;Tidak Tersedia ;Ya;;Ya;;Ya;;;;Ya;;Ya;;;;Ya;;Ya;;Ya;;Ya;;Ya;;Ya;;;;Ya;;Ya;;Ya;;;;Ya;;Ya;;;;;;Ya;;Ya;;Ya;;Ya;;;;;;Ya;;Tidak;Tidak ada seatbelt ;Ya;;Ya;;Ya;;Ya;;Ya;;Ya;;Ya;;Ya;;Ya;;Ya;;Ya;;Ya;;Ya;;Ya;;Ya;;Ya;;Ya;;Ya;;Ya;;;;;;;
118;09.58;Irsan ;Wednesday, 03 December 2025;Tidak Sibuk ;1N ;Blok M - Tanah Abang ;TJ - 0742;Feeder Bus Besar;Low Entry ;Ya;;Ya;;Tidak;Tidak Tersedia ;Ya;;Ya;;Ya;;;;Ya;;Ya;;;;Ya;;Ya;;Ya;;Ya;;Ya;;Ya;;;;Ya;;Ya;;Ya;;;;Ya;;Ya;;;;;;Ya;;Ya;;Ya;;Ya;;;;;;Ya;;Tidak;Tidak ada seatbelt ;Ya;;Ya;;Ya;;Ya;;Ya;;Ya;;Ya;;Ya;;Ya;;Ya;;Ya;;Ya;;Ya;;Ya;;Ya;;Ya;;Ya;;Ya;;Ya;;;;;;;
119;12.11;Irsan ;Wednesday, 03 December 2025;Tidak Sibuk ;1M ;Blok M - Meruya ;JDM - 230057;Feeder Bus Sedang ;Bus Sedang ;Ya;;Ya;;Tidak;Tidak Tersedia ;Ya;;Ya;;Ya;;;;Ya;;Ya;;;;Ya;;Ya;;Ya;;Ya;;Ya;;Ya;;;;Ya;;Ya;;Ya;;;;Ya;;Ya;;;;;;Ya;;Ya;;Ya;;Ya;;;;;;Ya;;Ya;;Ya;;;;Ya;;;;Ya;;Ya;;Ya;;Ya;;Ya;;Ya;;Ya;;Ya;;Ya;;Ya;;Ya;;Ya;;Ya;;Ya;;Ya;;;;;;;
120;11.41;Irsan ;Wednesday, 03 December 2025;Tidak Sibuk ;1M ;Blok M - Meruya ;JDM - 230032;Feeder Bus Sedang ;Bus Sedang ;Ya;;Ya;;Tidak;Tidak Tersedia ;Ya;;Ya;;Ya;;;;Ya;;Ya;;;;Ya;;Ya;;Ya;;Ya;;Ya;;Ya;;;;Ya;;Ya;;Ya;;;;Ya;;Ya;;;;;;Ya;;Ya;;Ya;;Ya;;;;;;Ya;;Ya;;Ya;;;;Ya;;;;Ya;;Ya;;Ya;;Ya;;Ya;;Ya;;Ya;;Ya;;Ya;;Ya;;Ya;;Ya;;Ya;;Ya;;Ya;;;;;;;
121;11.27;Irsan ;Wednesday, 03 December 2025;Tidak Sibuk ;1M ;Blok M - Meruya ;JDM - 230038;Feeder Bus Sedang ;Bus Sedang ;Ya;;Ya;;Tidak;Tidak Tersedia ;Ya;;Ya;;Ya;;;;Ya;;Ya;;;;Ya;;Ya;;Ya;;Ya;;Ya;;Ya;;;;Ya;;Ya;;Ya;;;;Ya;;Ya;;;;;;Ya;;Ya;;Ya;;Ya;;;;;;Ya;;Ya;;Ya;;;;Ya;;;;Ya;;Ya;;Ya;;Ya;;Ya;;Ya;;Ya;;Ya;;Ya;;Ya;;Ya;;Ya;;Ya;;Ya;;Ya;;;;;;;
122;10.55;Irsan ;Wednesday, 03 December 2025;Tidak Sibuk ;1M ;Blok M - Meruya ;TSW - 054;Feeder Bus Sedang ;Bus Sedang ;Ya;;Ya;;Tidak;Tidak Tersedia ;Ya;;Ya;;Ya;;;;Ya;;Ya;;;;Ya;;Ya;;Ya;;Ya;;Ya;;Ya;;;;Ya;;Ya;;Ya;;;;Ya;;Ya;;;;;;Ya;;Ya;;Ya;;Ya;;;;;;Ya;;Ya;;Ya;Terkelupas ;;;Ya;Tombol Jauh Dari Kursi Prioritas ;;;Ya;;Ya;;Ya;;Ya;;Ya;;Ya;;Ya;;Ya;;Ya;;Ya;;Ya;;Ya;;Ya;;Ya;;Ya;;;;;;;
123;10.25;Irsan ;Wednesday, 03 December 2025;Tidak Sibuk ;7Q;Blok M - PGC ;JDM - 240080;Feeder Bus Sedang ;Bus Sedang ;Ya;;Ya;;Ya;;Ya;;Ya;;Ya;;;;Ya;;Ya;;;;Ya;;Ya;;Ya;;Ya;;Ya;;Ya;;;;Ya;;Ya;;Ya;;;;Ya;;Ya;;;;;;Ya;;Ya;;Ya;;Ya;;;;;;Ya;;Ya;;Ya;;;;Ya;;;;Ya;;Ya;;Ya;;Ya;;Ya;;Ya;;Ya;;Ya;;Ya;;Ya;;Ya;;Ya;;Ya;;Ya;;Ya;;;;;;;
124;09.32;Irsan ;Wednesday, 03 December 2025;Tidak Sibuk ;7Q;Blok M - PGC ;TSW - 059;Feeder Bus Sedang ;Bus Sedang ;Ya;;Ya;;Tidak;Tidak Ada;Ya;;Ya;;Ya;;;;Ya;;Ya;;;;Ya;;Ya;;Ya;;Ya;;Ya;;Ya;;;;Ya;;Ya;;Ya;;;;Ya;;Ya;;;;;;Ya;;Ya;;Ya;;Ya;;;;;;Ya;;Ya;;Ya;;;;Ya;Tombol Jauh Dari Kursi Prioritas ;;;Ya;;Ya;;Ya;;Ya;;Ya;;Ya;;Ya;;Ya;;Ya;;Ya;;Ya;;Ya;;Ya;;Ya;;Ya;;;;;;;
125;09.21;Irsan ;Wednesday, 03 December 2025;Tidak Sibuk ;7Q;Blok M - PGC ;TSW - 062;Feeder Bus Sedang ;Bus Sedang ;Ya;;Ya;;Tidak;Tidak Ada;Ya;;Ya;;Ya;;;;Ya;;Ya;;;;Ya;;Ya;;Ya;;Ya;;Ya;;Ya;;;;Ya;;Ya;;Ya;;;;Ya;;Ya;;;;;;Ya;;Ya;;Ya;;Ya;;;;;;Ya;;Ya;;Ya;;;;Ya;Tombol Jauh Dari Kursi Prioritas ;;;Ya;;Ya;;Ya;;Ya;;Ya;;Ya;;Ya;;Ya;;Ya;;Ya;;Ya;;Ya;;Ya;;Ya;;Ya;;;;;;;
126;09.11;Irsan ;Wednesday, 03 December 2025;Tidak Sibuk ;7Q;Blok M - PGC ;TSW - 075;Feeder Bus Sedang ;Bus Sedang ;Ya;;Ya;;Tidak;Tidak Ada;Ya;;Ya;;Ya;;;;Ya;;Ya;;;;Ya;;Ya;;Ya;;Ya;;Ya;;Ya;;;;Ya;;Ya;;Ya;;;;Ya;;Ya;;;;;;Ya;;Ya;;Ya;;Ya;;;;;;Ya;;Ya;;Ya;Terkelupas ;;;Ya;Tombol Jauh Dari Kursi Prioritas ;;;Ya;;Ya;;Ya;;Ya;;Ya;;Ya;;Ya;;Ya;;Ya;;Ya;;Ya;;Ya;;Ya;;Ya;;Ya;;;;;;;
127;09.13;Irsan ;Wednesday, 03 December 2025;Tidak Sibuk ;7Q;Blok M - PGC ;BMP - 240420;Feeder Bus Sedang ;Bus Sedang ;Ya;;Ya;;Ya;;Ya;;Ya;;Ya;;;;Ya;;Ya;;;;Ya;;Ya;;Ya;;Ya;;Ya;;Ya;;;;Ya;;Ya;;Ya;;;;Ya;;Ya;;;;;;Ya;;Ya;;Ya;;Ya;;;;;;Ya;;Ya;;Ya;;;;Ya;;;;Ya;;Ya;;Ya;;Ya;;Ya;;Ya;;Ya;;Ya;;Ya;;Ya;;Ya;;Ya;;Ya;;Ya;;Ya;;;;;;;
128;08.05;Lihan ;Thursday, 04 December 2025;Sibuk ;14B ;Tanjung Priok - Senen ;SGI - 240008;Feeder Bus Sedang ;Bus Sedang ;Ya;;Ya;;Ya;;Ya;;Ya;;Ya;;;;Ya;;Ya;;;;Ya;;Ya;;Ya;;Ya;;Ya;;Ya;;;;Ya;;Ya;;Ya;;;;Ya;;Ya;;;;;;Ya;;Ya;;Ya;;Ya;;;;;;Ya;;Ya;;Ya;;;;Ya;;;;Ya;;Ya;;Ya;;Ya;;Ya;;Ya;;Ya;;Ya;;Ya;;Ya;;Ya;;Ya;;Ya;;Ya;;Ya;;;;;;;
129;07.45;Lihan ;Thursday, 04 December 2025;Sibuk ;14B ;Tanjung Priok - Senen ;TSW - 031;Feeder Bus Sedang ;Bus Sedang ;Ya;;Ya;;Tidak;Tidak Tersedia ;Ya;;Ya;;Ya;;;;Ya;;Ya;;;;Ya;;Ya;;Ya;;Ya;;Ya;;Ya;;;;Ya;;Ya;;Ya;;;;Ya;;Ya;;;;;;Ya;;Ya;;Ya;;Ya;;;;;;Ya;;Ya;;Tidak;Stiker terkelupas ;;;Ya;Tombol Jauh Dari Kursi Prioritas ;;;Ya;;Ya;;Ya;;Ya;;Ya;;Ya;;Ya;;Ya;;Ya;;Ya;;Ya;;Ya;;Ya;;Ya;;Ya;;;;;;;
130;07.52;Lihan ;Thursday, 04 December 2025;Sibuk ;14B ;Tanjung Priok - Senen ;TSW - 054;Feeder Bus Sedang ;Bus Sedang ;Ya;;Ya;;Tidak;Tidak Tersedia ;Ya;;Ya;;Ya;;;;Ya;;Ya;;;;Ya;;Ya;;Ya;;Ya;;Ya;;Ya;;;;Ya;;Ya;;Ya;;;;Ya;;Ya;;;;;;Ya;;Ya;;Ya;;Ya;;;;;;Ya;;Ya;;Ya;;;;Ya;Tombol Jauh Dari Kursi Prioritas ;;;Ya;;Ya;;Ya;;Ya;;Ya;;Ya;;Ya;;Ya;;Ya;;Ya;;Ya;;Ya;;Ya;;Ya;;Ya;;;;;;;
131;08.20;Lihan ;Monday, 08 December 2025;Sibuk ;5M ;Kp. Melayu - Tanah Abang Via Cikini ;TJ - 865;Feeder Bus Besar ;Low Entry ;Ya;;Ya;;Tidak;Tidak Tersedia ;Ya;;Ya;;Ya;;;;Ya;;Ya;;;;Ya;;Ya;;Ya;;Ya;;Ya;;Ya;;;;Ya;;Ya;;Tidak;Handgrip 20 ;;;Ya;;Ya;;;;;;Ya;;Ya;;Ya;;Ya;;;;;;Ya;;Tidak;Seatbelt Tidak Ada;Ya;;Ya;;Ya;;Ya;;Ya;;Ya;;Ya;;Ya;;Ya;;Ya;;Ya;;Ya;;Ya;;Ya;;Ya;;Ya;;Ya;;Ya;;Ya;;;;;;;
132;08.47;Lihan ;Monday, 08 December 2025;Sibuk ;5M ;Kp. Melayu - Tanah Abang Via Cikini ;TJ - 822;Feeder Bus Besar ;Low Entry ;Ya;;Ya;;Tidak;Tidak Tersedia ;Ya;;Ya;;Ya;;;;Ya;;Ya;;;;Ya;;Ya;;Ya;;Ya;;Ya;;Ya;;;;Ya;;Ya;;Tidak;Handgrip 20 ;;;Ya;;Ya;;;;;;Ya;;Ya;;Ya;;Ya;;;;;;Ya;;Tidak;Seatbelt Tidak Ada;Ya;;Ya;;Ya;;Ya;;Ya;;Ya;;Ya;;Ya;;Ya;;Ya;;Ya;;Ya;;Ya;;Ya;;Ya;;Ya;;Ya;;Ya;;Ya;;;;;;;
133;08.32;Lihan ;Monday, 08 December 2025;Sibuk ;5M ;Kp. Melayu - Tanah Abang Via Cikini ;TJ - 0505;Feeder Bus Besar ;Low Entry ;Ya;;Ya;;Tidak;Tidak Tersedia ;Ya;;Ya;;Ya;;;;Ya;;Ya;;;;Ya;;Ya;;Ya;;Ya;;Ya;;Ya;;;;Ya;;Ya;;Ya;;;;Ya;;Ya;;;;;;Ya;;Ya;;Ya;;Ya;;;;;;Ya;;Tidak;Seatbelt Tidak Ada;Ya;;Ya;;Ya;;Tidak;85 cm;Ya;;Ya;;Ya;;Ya;;Ya;;Ya;;Ya;;Ya;;Ya;;Ya;;Ya;;Ya;;Ya;;Ya;;Ya;;;;;;;
134;08.40;Lihan ;Monday, 08 December 2025;Sibuk ;5M ;Kp. Melayu - Tanah Abang Via Cikini ;TJ - 832;Feeder Bus Besar ;Low Entry ;Ya;;Ya;;Tidak;Tidak Tersedia ;Ya;;Ya;;Ya;;;;Ya;;Ya;;;;Ya;;Ya;;Ya;;Ya;;Ya;;Ya;;;;Ya;;Ya;;Tidak;Handgrip 20 ;;;Ya;;Ya;;;;;;Ya;;Ya;;Ya;;Ya;;;;;;Ya;;Tidak;Seatbelt Tidak Ada;Ya;;Ya;;Ya;;Ya;;Ya;;Ya;;Ya;;Ya;;Ya;;Tidak;Kartu Pengawas September 2025;Ya;;Ya;;Ya;;Ya;;Ya;;Ya;;Ya;;Ya;;Ya;;;;;;;
135;10.45;Lihan ;Monday, 08 December 2025;Tidak Sibuk ;5F;Kp. Melayu - Tanah Abang ;TJ - 862;Feeder Bus Besar ;Low Entry ;Ya;;Ya;;Tidak;Tidak Tersedia ;Ya;;Ya;;Ya;;;;Ya;;Ya;;;;Ya;;Ya;;Ya;;Ya;;Ya;;Ya;;;;Ya;;Ya;;Tidak;Handgrip 20 ;;;Ya;;Ya;;;;;;Ya;;Ya;;Ya;;Ya;;;;;;Ya;;Tidak;Seatbelt Tidak Ada;Ya;;Ya;;Ya;;Ya;;Ya;;Ya;;Ya;;Ya;;Ya;;Ya;;Ya;;Ya;;Ya;;Ya;;Ya;;Ya;;Ya;;Ya;;Ya;;;;;;;
136;10.38;Lihan ;Monday, 08 December 2025;Tidak Sibuk ;5F;Kp. Melayu - Tanah Abang ;TJ - 837;Feeder Bus Besar ;Low Entry ;Ya;;Ya;;Tidak;Tidak Tersedia ;Ya;;Ya;;Ya;;;;Ya;;Ya;;;;Ya;;Ya;;Ya;;Ya;;Ya;;Ya;;;;Ya;;Ya;;Tidak;Handgrip 20 ;;;Ya;;Ya;;;;;;Ya;;Ya;;Ya;;Ya;;;;;;Ya;;Tidak;Seatbelt Tidak Ada;Ya;;Ya;;Ya;;Ya;;Ya;;Ya;;Ya;;Ya;;Ya;;Ya;;Ya;;Ya;;Ya;;Ya;;Ya;;Ya;;Ya;;Ya;;Ya;;;;;;;
137;11.55;Novi;Monday, 08 December 2025;Tidak Sibuk ;11Q;Kp. Melayu - Pulo Gebang ;DMR - 696;Feeder Bus Besar ;Single Bus ;Ya;;Ya;;Tidak;Tidak Tersedia ;Ya;;Ya;;Ya;;;;Ya;;Ya;;;;Ya;;Ya;;Ya;;Ya;;Ya;;Ya;;;;Ya;;Ya;;Ya;;;;Ya;;Ya;;;;;;Ya;;Ya;;Ya;;Ya;;;;;;Ya;;Tidak;Seatbelt Tidak Ada;Ya;;Tidak;Tidak Ada Strap;Tidak;Tidak Ada;;;Ya;;Ya;;Ya;;Ya;;Ya;;Ya;;Ya;;Ya;;Ya;;Ya;;Ya;;Ya;;Ya;;Ya;;Ya;;;;;;;
138;11.59;Novi;Monday, 08 December 2025;Tidak Sibuk ;11Q;Kp. Melayu - Pulo Gebang ;DMR - 663;Feeder Bus Besar ;Single Bus ;Ya;;Ya;;Tidak;Tidak Tersedia ;Ya;;Ya;;Ya;;;;Ya;;Ya;;;;Ya;;Ya;;Ya;;Ya;;Ya;;Ya;;;;Ya;;Ya;;Ya;;;;Ya;;Ya;;;;;;Ya;;Ya;;Ya;;Ya;;;;;;Ya;;Tidak;Seatbelt Tidak Ada;Ya;;Tidak;Tidak Ada Strap;Tidak;Tidak Ada;;;Ya;;Ya;;Ya;;Ya;;Ya;;Ya;;Ya;;Ya;;Ya;;Ya;;Ya;;Ya;;Ya;;Ya;;Ya;;;;;;;
139;12.04;Novi;Monday, 08 December 2025;Tidak Sibuk ;11Q;Kp. Melayu - Pulo Gebang ;DMR - 644;Feeder Bus Besar ;Single Bus ;Ya;;Ya;;Tidak;Tidak Tersedia ;Ya;;Ya;;Ya;;;;Ya;;Ya;;;;Ya;;Ya;;Ya;;Ya;;Ya;;Ya;;;;Ya;;Ya;;Ya;;;;Ya;;Ya;;;;;;Ya;;Ya;;Ya;;Ya;;;;;;Ya;;Tidak;Seatbelt Tidak Ada;Ya;;Tidak;Tidak Ada Strap;Tidak;Tidak Ada;;;Ya;;Ya;;Ya;;Ya;;Ya;;Ya;;Ya;;Ya;;Ya;;Ya;;Ya;;Ya;;Ya;;Ya;;Ya;;;;;;;
140;12.17;Lihan ;Tuesday, 09 December 2025;Tidak Sibuk ;2Q;Gondangdia - Balaikota ;TJ - 795;Feeder Bus Besar ;Low Entry;Ya;;Ya;;Tidak;Tidak Tersedia ;Ya;;Ya;;Ya;;;;Ya;;Ya;;;;Ya;;Ya;;Ya;;Ya;;Ya;;Ya;;;;Ya;;Ya;;Tidak;Handgrip 20 ;;;Ya;;Ya;;;;;;Ya;;Ya;;Ya;;Ya;;;;;;Ya;;Tidak;Seatbelt Tidak Ada ;Ya;;Ya;;Ya;;Ya;;Ya;;Ya;;Tidak;Tidak Terdeteksi di aplikasi TJ ;Ya;;Ya;;Ya;;Ya;;Ya;;Ya;;Ya;;Ya;;Ya;;Ya;;Ya;;Ya;;;;;;;
141;12.30;Lihan ;Tuesday, 09 December 2025;Tidak Sibuk ;2Q;Gondangdia - Balaikota ;TJ - 792;Feeder Bus Besar ;Low Entry;Ya;;Ya;;Tidak;Tidak Tersedia ;Ya;;Ya;;Ya;;;;Ya;;Ya;;;;Ya;;Ya;;Ya;;Ya;;Ya;;Ya;;;;Ya;;Ya;;Tidak;Handgrip 20 ;;;Ya;;Ya;;;;;;Ya;;Ya;;Ya;;Ya;;;;;;Ya;;Tidak;Seatbelt Tidak Ada ;Ya;;Ya;;Ya;;Ya;;Ya;;Ya;;Tidak;Tidak Terdeteksi di aplikasi TJ ;Ya;;Ya;;Ya;;Ya;;Ya;;Ya;;Ya;;Ya;;Ya;;Ya;;Ya;;Ya;;;;;;;
142;12.31;Lihan ;Tuesday, 09 December 2025;Tidak Sibuk ;2Q;Gondangdia - Balaikota ;TJ - 0493;Feeder Bus Besar ;Low Entry;Ya;;Ya;;Tidak;Tidak Tersedia ;Ya;;Ya;;Ya;;;;Ya;;Ya;;;;Ya;;Ya;;Ya;;Ya;;Ya;;Ya;;;;Ya;;Ya;;Ya;;;;Ya;;Ya;;;;;;Ya;;Ya;;Ya;;Ya;;;;;;Ya;;Tidak;Seatbelt Tidak Ada ;Ya;;Ya;;Ya;;Tidak;85 cm ;Ya;;Ya;;Tidak;Tidak Terdeteksi di aplikasi TJ ;Ya;;Ya;;Tidak;KP Expired ;Ya;;Ya;;Ya;;Ya;;Ya;;Ya;;Ya;;Ya;;Ya;;;;;;;
143;12.51;Lihan ;Tuesday, 09 December 2025;Tidak Sibuk ;2Q;Gondangdia - Balaikota ;TJ - 0511;Feeder Bus Besar ;Low Entry;Ya;;Ya;;Tidak;Tidak Tersedia ;Ya;;Ya;;Ya;;;;Ya;;Ya;;;;Ya;;Ya;;Ya;;Ya;;Ya;;Ya;;;;Ya;;Ya;;Ya;;;;Ya;;Ya;;;;;;Ya;;Ya;;Ya;;Ya;;;;;;Ya;;Tidak;Seatbelt Tidak Ada ;Ya;;Ya;;Ya;;Tidak;85 cm ;Ya;;Ya;;Tidak;Tidak Terdeteksi di aplikasi TJ ;Ya;;Ya;;Ya;;Ya;;Ya;;Ya;;Ya;;Ya;;Ya;;Ya;;Ya;;Ya;;;;;;;
144;10.57;Lihan ;Tuesday, 09 December 2025;Tidak Sibuk ;12B;Pluit - Senen ;DMR - 671;Feeder Bus Besar ;Single Bus ;Ya;;Ya;;Tidak;Tidak Tersedia ;Ya;;Ya;;Ya;;;;Ya;;Ya;;;;Ya;;Ya;;Ya;;Ya;;Ya;;Ya;;;;Ya;;Ya;;Ya;;;;Ya;;Ya;;;;;;Ya;;Ya;;Ya;;Ya;;;;;;Ya;;Tidak;Seatbelt Tidak Ada ;Ya;;Tidak;Tidak Ada Strap;Tidak;Tidak Tersedia ;;;Ya;;Ya;;Ya;;Ya;;Ya;;Ya;;Ya;;Ya;;Ya;;Ya;;Ya;;Ya;;Ya;;Ya;;Ya;;;;;;;
145;10.50;Lihan ;Tuesday, 09 December 2025;Tidak Sibuk ;12B;Pluit - Senen ;DMR - 482;Feeder Bus Besar ;Single Bus ;Ya;;Ya;;Tidak;Tidak Tersedia ;Ya;;Ya;;Ya;;;;Ya;;Ya;;;;Ya;;Ya;;Ya;;Ya;;Ya;;Tidak;Resi Bulan Juni ;;;Ya;;Ya;;Ya;;;;Ya;;Ya;;;;;;Ya;;Ya;;Ya;;Ya;;;;;;Ya;;Tidak;Seatbelt Tidak Ada ;Ya;;Tidak;Tidak Ada Strap;Tidak;Tidak Tersedia ;;;Ya;;Ya;;Ya;;Ya;;Ya;;Ya;;Ya;;Ya;;Ya;;Ya;;Ya;;Ya;;Ya;;Ya;;Ya;;;;;;;
146;10.35;Lihan ;Tuesday, 09 December 2025;Tidak Sibuk ;12B;Pluit - Senen ;DMR - 649;Feeder Bus Besar ;Single Bus ;Ya;;Ya;;Tidak;Tidak Tersedia ;Ya;;Ya;;Ya;;;;Ya;;Ya;;;;Ya;;Ya;;Ya;;Ya;;Ya;;Ya;;;;Ya;;Ya;;Ya;;;;Ya;;Ya;;;;;;Ya;;Ya;;Ya;;Ya;;;;;;Ya;;Tidak;Seatbelt Tidak Ada ;Ya;;Tidak;Tidak Ada Strap;Tidak;Tidak Tersedia ;;;Ya;;Ya;;Ya;;Ya;;Ya;;Ya;;Ya;;Ya;;Ya;;Ya;;Ya;;Ya;;Ya;;Ya;;Ya;;;;;;;
147;10.30;Lihan ;Tuesday, 09 December 2025;Tidak Sibuk ;12B;Pluit - Senen ;DMR - 120;Feeder Bus Besar ;Single Bus ;Ya;;Ya;;Tidak;Tidak Tersedia ;Ya;;Ya;;Ya;;;;Ya;;Ya;;;;Ya;;Ya;;Ya;;Ya;;Ya;;Tidak;Resi Bulan Juli ;;;Ya;;Ya;;Ya;;;;Ya;;Ya;;;;;;Ya;;Ya;;Ya;;Ya;;;;;;Ya;;Tidak;Seatbelt Tidak Ada ;Ya;;Tidak;Tidak Ada Strap;Tidak;Tidak Tersedia ;;;Ya;;Ya;;Ya;;Ya;;Ya;;Ya;;Ya;;Ya;;Ya;;Ya;;Ya;;Ya;;Ya;;Ya;;Ya;;;;;;;
148;10.07;Lihan ;Tuesday, 09 December 2025;Tidak Sibuk ;12B;Pluit - Senen ;DMR - 663;Feeder Bus Besar ;Single Bus ;Ya;;Ya;;Tidak;Tidak Tersedia ;Ya;;Ya;;Ya;;;;Ya;;Ya;;;;Ya;;Ya;;Ya;;Ya;;Ya;;Tidak;Resi Bulan Juni ;;;Ya;;Ya;;Ya;;;;Ya;;Ya;;;;;;Ya;;Ya;;Ya;;Ya;;;;;;Ya;;Tidak;Seatbelt Tidak Ada ;Ya;;Tidak;Tidak Ada Strap;Tidak;Tidak Tersedia ;;;Ya;;Ya;;Ya;;Ya;;Ya;;Ya;;Ya;;Ya;;Ya;;Ya;;Ya;;Ya;;Ya;;Ya;;Ya;;;;;;;
149;09.55;Lihan ;Tuesday, 09 December 2025;Tidak Sibuk ;2P;Senen - Transport Hub Dukuh Atas ;TJ - 842;Feeder Bus Besar ;Low Entry;Ya;;Ya;;Tidak;Tidak Tersedia ;Ya;;Ya;;Ya;;;;Ya;;Ya;;;;Ya;;Ya;;Ya;;Ya;;Ya;;Ya;;;;Ya;;Ya;;Tidak;Handgrip 20 ;;;Ya;;Ya;;;;;;Ya;;Ya;;Ya;;Ya;;;;;;Ya;;Tidak;Seatbelt Tidak Ada ;Ya;;Ya;;Ya;;Ya;;Ya;;Ya;;Ya;;Ya;;Ya;;Ya;;Ya;;Ya;;Ya;;Ya;;Ya;;Ya;;Ya;;Ya;;Ya;;;;;;;
150;09.50;Lihan ;Tuesday, 09 December 2025;Tidak Sibuk ;2P;Senen - Transport Hub Dukuh Atas ;TJ - 859;Feeder Bus Besar ;Low Entry;Ya;;Ya;;Tidak;Tidak Tersedia ;Ya;;Ya;;Ya;;;;Ya;;Ya;;;;Ya;;Ya;;Ya;;Ya;;Ya;;Ya;;;;Ya;;Ya;;Tidak;Handgrip 20 ;;;Ya;;Ya;;;;;;Ya;;Ya;;Ya;;Ya;;;;;;Ya;;Tidak;Seatbelt Tidak Ada ;Ya;;Ya;;Ya;;Ya;;Ya;;Ya;;Ya;;Ya;;Ya;;Ya;;Ya;;Ya;;Ya;;Ya;;Ya;;Ya;;Ya;;Ya;;Ya;;;;;;;
151;11.24;Lihan ;Tuesday, 09 December 2025;Tidak Sibuk ;21ST;Shuttle - Senen ;TJ - 247;Feeder Bus Besar ;Single Bus ;Ya;;Ya;;Tidak;Tidak Tersedia ;Ya;;Ya;;Ya;;;;Ya;;Ya;;;;Ya;;Ya;;Ya;;Ya;;Ya;;Ya;;;;Ya;;Ya;;Ya;;;;Ya;;Ya;;;;;;Ya;;Ya;;Ya;;Ya;;;;;;Ya;;Tidak;Seatbelt Tidak Ada ;Ya;;Ya;;Tidak;Tidak Tersedia ;;;Ya;Renop 1 (Satu);Ya;;Tidak;Tidak Terdeteksi di aplikasi TJ ;Ya;;Ya;;Ya;;Ya;;Ya;;Ya;;Ya;;Ya;;Ya;;Ya;;Ya;;Ya;;;;;;;
152;08.27;Ibrahim ;Tuesday, 09 December 2025;Sibuk ;6T;Pasar Minggu - Velbak ;JDM - 230055;Feeder Bus Sedang ;Bus Sedang ;Ya;;Ya;;Tidak;Tidak Tersedia ;Ya;;Ya;;Ya;;;;Ya;;Ya;;;;Ya;;Ya;;Ya;;Ya;;Tidak;Dukumen Belum Terisi ;Ya;;;;Ya;;Ya;;Ya;;;;Ya;;Ya;;;;;;Ya;;Ya;;Ya;;Ya;;;;;;Ya;;Ya;;Ya;;;;Ya;;;;Ya;;Ya;;Ya;;Ya;;Ya;;Ya;;Ya;;Ya;;Ya;;Ya;;Tidak;Lokasi Pengaturan jadwal di lokasi bahu jalan ;Ya;;Ya;;Ya;;Ya;;;;;;;
153;08.32;Ibrahim ;Tuesday, 09 December 2025;Sibuk ;6T;Pasar Minggu - Velbak ;JDM - 230060;Feeder Bus Sedang ;Bus Sedang ;Ya;;Ya;;Tidak;Tidak Tersedia ;Ya;;Ya;;Ya;;;;Ya;;Ya;;;;Ya;;Ya;;Ya;;Ya;;Ya;;Ya;;;;Ya;;Ya;;Ya;;;;Ya;;Ya;;;;;;Ya;;Ya;;Ya;;Ya;;;;;;Ya;;Ya;;Ya;;;;Ya;;;;Ya;;Ya;;Ya;;Ya;;Ya;;Ya;;Ya;;Ya;;Ya;;Ya;;Tidak;Lokasi Pengaturan jadwal di lokasi bahu jalan ;Ya;;Ya;;Ya;;Ya;;;;;;;
154;08.40;Ibrahim ;Tuesday, 09 December 2025;Sibuk ;6T;Pasar Minggu - Velbak ;JDM - 230035;Feeder Bus Sedang ;Bus Sedang ;Ya;;Ya;;Tidak;Tidak Tersedia ;Ya;;Ya;;Ya;;;;Ya;;Ya;;;;Ya;;Ya;;Ya;;Ya;;Ya;;Ya;;;;Ya;;Ya;;Ya;;;;Ya;;Ya;;;;;;Ya;;Ya;;Ya;;Ya;;;;;;Ya;;Ya;;Ya;;;;Ya;;;;Ya;;Ya;;Ya;;Ya;;Ya;;Ya;;Ya;;Ya;;Ya;;Ya;;Tidak;Lokasi Pengaturan jadwal di lokasi bahu jalan ;Ya;;Ya;;Ya;;Ya;;;;;;;
155;09.53;Irsan ;Tuesday, 09 December 2025;Tidak Sibuk ;1R;Senen - Tanah Abang ;TJ - 0484;Feeder Bus Besar ;Low Entry;Ya;;Ya;;Tidak;Tidak Ada Lampu Isyarat ;Ya;;Ya;;Ya;;;;Ya;;Ya;;;;Ya;;Ya;;Ya;;Ya;;Ya;;Ya;;;;Ya;;Ya;;Ya;;;;Ya;;Ya;;;;;;Ya;;Ya;;Ya;;Ya;;;;;;Ya;;Tidak;Tidak Ada Seatbelt;Ya;;Ya;;Ya;;Tidak;85 cm ;Ya;;Ya;;Ya;;Ya;;Ya;;Ya;;Ya;;Ya;;Ya;;Ya;;Ya;;Ya;;Ya;;Ya;;Ya;;;;;;;
156;09.59;Irsan ;Tuesday, 09 December 2025;Tidak Sibuk ;1R;Senen - Tanah Abang ;TJ - 0525;Feeder Bus Besar ;Low Entry;Ya;;Ya;;Tidak;Tidak Tersedia ;Ya;;Ya;;Ya;;;;Ya;;Ya;;;;Ya;;Ya;;Ya;;Ya;;Ya;;Ya;;;;Ya;;Ya;;Ya;;;;Ya;;Ya;;;;;;Ya;;Ya;;Ya;;Ya;;;;;;Ya;;Tidak;Tidak Ada Seatbelt;Ya;;Ya;;Ya;;Tidak;85 cm ;Ya;;Ya;;Ya;;Ya;;Ya;;Ya;;Ya;;Ya;;Ya;;Ya;;Ya;;Ya;;Ya;;Ya;;Ya;;;;;;;
157;09.56;Irsan ;Tuesday, 09 December 2025;Tidak Sibuk ;1R;Senen - Tanah Abang ;TJ - 0530;Feeder Bus Besar ;Low Entry;Ya;;Ya;;Tidak;Tidak Ada Lampu Isyarat ;Ya;;Ya;;Ya;;;;Ya;;Ya;;;;Ya;;Ya;;Ya;;Ya;;Ya;;Ya;;;;Ya;;Ya;;Ya;;;;Ya;;Ya;;;;;;Ya;;Ya;;Ya;;Ya;;;;;;Ya;;Tidak;Tidak Ada Seatbelt;Ya;;Ya;;Ya;;Tidak;85 cm ;Ya;;Ya;;Ya;;Ya;;Ya;;Ya;;Ya;;Ya;;Ya;;Ya;;Ya;;Ya;;Ya;;Ya;;Ya;;;;;;;
158;09.55;Tony ;Tuesday, 09 December 2025;Tidak Sibuk ;9D;Pasar Minggu - Tanah Abang ;MYS - 21238;Feeder Bus Besar ;Single Bus ;Ya;;Ya;;Tidak;Tidak Tersedia ;Ya;;Ya;;Ya;;;;Ya;;Ya;;;;Ya;;Ya;;Ya;;Ya;;Ya;;Ya;;;;Ya;;Ya;;Ya;;;;Ya;;Ya;;;;;;Ya;;Ya;;Ya;;Ya;;;;;;Ya;;Ya;;Ya;;Ya;;Tidak;Tidak Tersedia ;;;Ya;;Ya;;Ya;;Ya;;Ya;;Ya;;Ya;;Ya;;Ya;;Ya;;Ya;;Ya;;Ya;;Ya;;Ya;;;;;;;
159;09.59;Tony ;Tuesday, 09 December 2025;Tidak Sibuk ;9D;Pasar Minggu - Tanah Abang ;MYS - 21243;Feeder Bus Besar ;Single Bus ;Ya;;Ya;;Tidak;Tidak Tersedia ;Ya;;Ya;;Ya;;;;Ya;;Ya;;;;Ya;;Ya;;Ya;;Ya;;Ya;;Ya;;;;Ya;;Ya;;Ya;;;;Ya;;Ya;;;;;;Ya;;Ya;;Ya;;Ya;;;;;;Ya;;Ya;;Ya;;Ya;;Tidak;Tidak Tersedia ;;;Ya;;Ya;;Ya;;Ya;;Ya;;Ya;;Ya;;Ya;;Ya;;Ya;;Ya;;Ya;;Ya;;Ya;;Ya;;;;;;;
160;10.05;Tony ;Tuesday, 09 December 2025;Tidak Sibuk ;9D;Pasar Minggu - Tanah Abang ;MYS - 21236;Feeder Bus Besar ;Single Bus ;Ya;;Ya;;Tidak;Tidak Tersedia ;Ya;;Ya;;Ya;;;;Ya;;Ya;;;;Ya;;Ya;;Ya;;Ya;;Ya;;Ya;;;;Ya;;Ya;;Ya;;;;Ya;;Ya;;;;;;Ya;;Ya;;Ya;;Ya;;;;;;Ya;;Ya;;Ya;;Ya;;Tidak;Tidak Tersedia ;;;Ya;;Ya;;Ya;;Ya;;Ya;;Ya;;Ya;;Ya;;Ya;;Ya;;Ya;;Ya;;Ya;;Ya;;Ya;;;;;;;
161;10.14;Tony ;Tuesday, 09 December 2025;Tidak Sibuk ;9D;Pasar Minggu - Tanah Abang ;MYS - 21239;Feeder Bus Besar ;Single Bus ;Ya;;Ya;;Tidak;Tidak Tersedia ;Ya;;Ya;;Ya;;;;Ya;;Ya;;;;Ya;;Ya;;Ya;;Ya;;Ya;;Ya;;;;Ya;;Tidak;Kapas Tidak Steril;Ya;;;;Ya;;Ya;;;;;;Ya;;Ya;;Ya;;Ya;;;;;;Ya;;Ya;;Ya;;Ya;;Tidak;Tidak Tersedia ;;;Ya;;Ya;;Ya;;Ya;;Ya;;Ya;;Ya;;Ya;;Ya;;Ya;;Ya;;Ya;;Ya;;Ya;;Ya;;;;;;;
162;10.35;Tony ;Tuesday, 09 December 2025;Tidak Sibuk ;9D;Pasar Minggu - Tanah Abang ;MYS - 21242;Feeder Bus Besar ;Single Bus ;Ya;;Ya;;Tidak;Tidak Tersedia ;Ya;;Ya;;Ya;;;;Ya;;Ya;;;;Ya;;Ya;;Ya;;Ya;;Ya;;Ya;;;;Ya;;Tidak;Kapas Tidak Steril;Ya;;;;Ya;;Ya;;;;;;Ya;;Ya;;Ya;;Ya;;;;;;Ya;;Ya;;Ya;;Ya;;Tidak;Tidak Tersedia ;;;Ya;;Ya;;Ya;;Ya;;Ya;;Ya;;Ya;;Ya;;Ya;;Ya;;Ya;;Ya;;Ya;;Ya;;Ya;;;;;;;
163;10.42;Tony ;Tuesday, 09 December 2025;Tidak Sibuk ;9D;Pasar Minggu - Tanah Abang ;MYS - 21235;Feeder Bus Besar ;Single Bus ;Ya;;Ya;;Tidak;Tidak Tersedia ;Ya;;Ya;;Ya;;;;Ya;;Ya;;;;Ya;;Ya;;Ya;;Ya;;Ya;;Ya;;;;Ya;;Tidak;Kapas Tidak Steril;Ya;;;;Ya;;Ya;;;;;;Ya;;Ya;;Ya;;Ya;;;;;;Ya;;Ya;;Ya;;Ya;;Tidak;Tidak Tersedia ;;;Ya;;Ya;;Ya;;Ya;;Ya;;Ya;;Ya;;Ya;;Ya;;Ya;;Ya;;Ya;;Ya;;Ya;;Ya;;;;;;;
164;10.22 WIB;Rio;Wednesday, 10 December 2025;Tidak Sibuk;6 K;Kuningan - Karet;DMR - 250261;Feeder Bus Besar;Single Bus;Ya;;Ya;;Ya;;Ya;;Ya;;Ya;;;;Ya;;Ya;;;;Ya;;Ya;;Ya;;Ya;;Ya;;Ya;;;;Ya;;Ya;;Ya;;;;Ya;;Ya;;;;;;Ya;;Ya;;Ya;;Ya;;;;;;Ya;;Ya;;Ya;;Ya;;Ya;;;;Ya;;Ya;;Ya;;Ya;;Ya;;Ya;;Ya;;Ya;;Ya;;Ya;;Ya;;Ya;;Ya;;Ya;;Ya;;;;;;;
165;10.12 WIB;Rio;Wednesday, 10 December 2025;Tidak Sibuk;6 K;Kuningan - Karet;DMR - 250252;Feeder Bus Besar;Single Bus;Ya;;Ya;;Ya;;Ya;;Ya;;Ya;;;;Ya;;Ya;;;;Ya;;Ya;;Ya;;Ya;;Ya;;Ya;;;;Ya;;Ya;;Ya;;;;Ya;;Ya;;;;;;Ya;;Ya;;Ya;;Ya;;;;;;Ya;;Ya;;Ya;;Ya;;Ya;;;;Ya;;Ya;;Ya;;Ya;;Ya;;Ya;;Ya;;Ya;;Ya;;Ya;;Ya;;Ya;;Ya;;Ya;;Ya;;;;;;;
166;10.45 WIB;Rizki;Wednesday, 10 December 2025;Tidak Sibuk;1 H;Tanah Abang - Stasiun Gondangdia;TJ - 820;Feeder Bus Besar;Low Entry;Ya;;Ya;;Tidak;Tidak ada;Ya;;Ya;;Ya;;;;Ya;;Ya;;;;Ya;;Ya;;Ya;;Ya;;Ya;;Ya;;;;Ya;;Ya;;Tidak;20 Handgrip;;;Ya;;Ya;;;;;;Ya;;Ya;;Ya;;Ya;;;;;;Ya;;Tidak;Tidak ada Seatbelt;Ya;;Ya;;Ya;;Ya;;Ya;;Ya;;Ya;;Ya;;Ya;;Ya;;Ya;;Ya;;Ya;;Ya;;Ya;;Ya;;Ya;;Ya;;Ya;;;;;;;
167;10.43 WIB;Rizki;Wednesday, 10 December 2025;Tidak Sibuk;1 H;Tanah Abang - Stasiun Gondangdia;TJ - 824;Feeder Bus Besar;Low Entry;Ya;;Ya;;Tidak;Tidak ada;Ya;;Ya;;Ya;;;;Ya;;Ya;;;;Ya;;Ya;;Ya;;Ya;;Ya;;Ya;;;;Ya;;Ya;;Tidak;20 Handgrip;;;Ya;;Ya;;;;;;Ya;;Ya;;Ya;;Ya;;;;;;Ya;;Tidak;Tidak ada Seatbelt;Ya;;Ya;;Ya;;Ya;;Ya;;Ya;;Ya;;Ya;;Ya;;Ya;;Ya;;Ya;;Ya;;Ya;;Ya;;Ya;;Ya;;Ya;;Ya;;;;;;;
168;10.21 WIB;Rizki;Wednesday, 10 December 2025;Tidak Sibuk;1 H;Tanah Abang - Stasiun Gondangdia;TJ - 856;Feeder Bus Besar;Low Entry;Ya;;Ya;;Tidak;Tidak ada;Ya;;Ya;;Ya;;;;Ya;;Ya;;;;Ya;;Ya;;Ya;;Ya;;Ya;;Ya;;;;Ya;;Tidak;Tidak ada Betadine;Tidak;20 Handgrip;;;Ya;;Ya;;;;;;Ya;;Ya;;Ya;;Ya;;;;;;Ya;;Tidak;Tidak ada Seatbelt;Ya;;Ya;;Ya;;Ya;;Ya;;Ya;;Ya;;Ya;;Ya;;Ya;;Ya;;Ya;;Ya;;Ya;;Ya;;Ya;;Ya;;Ya;;Ya;;;;;;;
169;10.51 WIB;Rizki;Wednesday, 10 December 2025;Tidak Sibuk;8 M;Tanah Abang - Tanjung Duren;TSW - 072;Feeder Bus Besar;Low Entry;Ya;;Ya;;Tidak;Tidak ada;Ya;;Ya;;Ya;;;;Ya;;Ya;;;;Ya;;Ya;;Ya;;Ya;;Ya;;Ya;;;;Ya;;Ya;;Ya;;;;Ya;;Ya;;;;;;Ya;;Ya;;Ya;;Ya;;;;;;Ya;;Ya;;Ya;;Ya;;Ya;;Ya;;Ya;;Ya;;Ya;;Ya;;Ya;;Ya;;Ya;;Ya;;Ya;;Ya;;Ya;;Ya;;Ya;;Ya;;Ya;;;;;;;
170;10.19 WIB;Rizki;Wednesday, 10 December 2025;Tidak Sibuk;8 M;Tanah Abang - Tanjung Duren;TSW - 053;Feeder Bus Sedang;Bus Sedang;Ya;;Ya;;Tidak;Tidak ada;Ya;;Ya;;Ya;;;;Ya;;Ya;;;;Ya;;Ya;;Ya;;Ya;;Ya;;Ya;;;;Ya;;Ya;;Ya;;;;Ya;;Ya;;;;;;Ya;;Ya;;Ya;;Ya;;;;;;Ya;;Ya;;Ya;;;;Ya;;;;Ya;;Ya;;Ya;;Ya;;Ya;;Ya;;Ya;;Ya;;Ya;;Ya;;Ya;;Ya;;Ya;;Ya;;Ya;;;;;;;
171;11.23 WIB;Novi;Wednesday, 10 December 2025;Tidak Sibuk;7 P;Pondok Kelapa - Cawang Sentral;PSU - 240014;Feeder Bus Besar;Single Bus;Ya;;Ya;;Ya;;Ya;;Ya;;Ya;;;;Ya;;Ya;;;;Ya;;Ya;;Ya;;Ya;;Ya;;Ya;;;;Ya;;Ya;;Ya;;;;Ya;;Ya;;;;;;Ya;;Ya;;Ya;;Ya;;;;;;Ya;;Ya;;Ya;;Ya;;Ya;;;;Ya;;Ya;;Ya;;Ya;;Ya;;Ya;;Ya;;Ya;;Ya;;Ya;;Ya;;Ya;;Ya;;Ya;;Ya;;;;;;;
172;11.26 WIB;Novi;Wednesday, 10 December 2025;Tidak Sibuk;7 P;Pondok Kelapa - Cawang Sentral;PSU - 240002;Feeder Bus Besar;Single Bus;Ya;;Ya;;Ya;;Ya;;Ya;;Ya;;;;Ya;;Ya;;;;Ya;;Ya;;Ya;;Ya;;Ya;;Ya;;;;Ya;;Ya;;Ya;;;;Ya;;Ya;;;;;;Ya;;Ya;;Ya;;Ya;;;;;;Ya;;Ya;;Ya;;Ya;;Ya;;;;Ya;;Ya;;Ya;;Ya;;Ya;;Ya;;Ya;;Ya;;Ya;;Ya;;Ya;;Ya;;Ya;;Ya;;Ya;;;;;;;
173;11.29 WIB;Novi;Wednesday, 10 December 2025;Tidak Sibuk;7 P;Pondok Kelapa - Cawang Sentral;PSU - 240003;Feeder Bus Besar;Single Bus;Ya;;Ya;;Ya;;Ya;;Ya;;Ya;;;;Ya;;Ya;;;;Ya;;Ya;;Ya;;Ya;;Ya;;Ya;;;;Ya;;Ya;;Ya;;;;Ya;;Ya;;;;;;Ya;;Ya;;Ya;;Ya;;;;;;Ya;;Ya;;Ya;;Ya;;Ya;;;;Ya;;Ya;;Ya;;Ya;;Ya;;Ya;;Ya;;Ya;;Ya;;Ya;;Ya;;Ya;;Ya;;Ya;;Ya;;;;;;;
174;11.37 WIB;Novi;Wednesday, 10 December 2025;Tidak Sibuk;7 P;Pondok Kelapa - Cawang Sentral;PSU - 240005;Feeder Bus Besar;Single Bus;Ya;;Ya;;Ya;;Ya;;Ya;;Ya;;;;Ya;;Ya;;;;Ya;;Ya;;Ya;;Ya;;Ya;;Ya;;;;Ya;;Ya;;Ya;;;;Ya;;Ya;;;;;;Ya;;Ya;;Ya;;Ya;;;;;;Ya;;Ya;;Ya;;Ya;;Ya;;;;Ya;;Ya;;Ya;;Ya;;Ya;;Ya;;Ya;;Ya;;Ya;;Ya;;Ya;;Ya;;Ya;;Ya;;Ya;;;;;;;
175;11.32 WIB;Novi;Wednesday, 10 December 2025;Tidak Sibuk;7 P;Pondok Kelapa - Cawang Sentral;PSU - 240004;Feeder Bus Besar;Single Bus;Ya;;Ya;;Ya;;Ya;;Ya;;Ya;;;;Ya;;Ya;;;;Ya;;Ya;;Ya;;Ya;;Ya;;Ya;;;;Ya;;Ya;;Ya;;;;Ya;;Ya;;;;;;Ya;;Ya;;Ya;;Ya;;;;;;Ya;;Ya;;Ya;;Ya;;Ya;;;;Ya;;Ya;;Ya;;Ya;;Ya;;Ya;;Ya;;Ya;;Ya;;Ya;;Ya;;Ya;;Ya;;Ya;;Ya;;;;;;;
176;11.34;irsan ;Thursday, 11 December 2025;Tidak Sibuk ;9H;Pasar Minggu - Cipedak;SGI-240002;Feeder Bus Sedang;Bus Sedang;Ya;;Ya;;Ya;;Ya;;Ya;;Ya;;;;Ya;;Ya;;;;Ya;;Ya;;Ya;;Ya;;Ya;;Ya;;;;Ya;;Ya;;Ya;;;;Ya;;Ya;;;;;;Ya;;Ya;;Ya;;Ya;;;;;;Ya;;Ya;;Ya;;;;Ya;;;;Ya;;Ya;;Ya;;Ya;;Ya;;Ya;;Ya;;Ya;;Ya;;Ya;;Ya;;Ya;;Ya;;Ya;;Ya;;;;;;;
177;11.50;irsan ;Thursday, 11 December 2025;Tidak Sibuk ;9H;Pasar Minggu - Cipedak;SGI-240001;Feeder Bus Sedang;Bus Sedang;Ya;;Ya;;Ya;;Ya;;Ya;;Ya;;;;Ya;;Ya;;;;Ya;;Ya;;Ya;;Ya;;Ya;;Ya;;;;Ya;;Ya;;Ya;;;;Ya;;Ya;;;;;;Ya;;Ya;;Ya;;Ya;;;;;;Ya;;Ya;;Ya;;;;Ya;;;;Ya;;Ya;;Ya;;Ya;;Ya;;Ya;;Ya;;Ya;;Ya;;Ya;;Ya;;Ya;;Ya;;Ya;;Ya;;;;;;;
178;11.33;irsan ;Thursday, 11 December 2025;Tidak Sibuk ;9H;Pasar Minggu - Cipedak;SGI-240006;Feeder Bus Sedang;Bus Sedang;Ya;;Ya;;Ya;;Ya;;Ya;;Ya;;;;Ya;;Ya;;;;Ya;;Ya;;Ya;;Ya;;Ya;;Ya;;;;Ya;;Ya;;Ya;;;;Ya;;Ya;;;;;;Ya;;Ya;;Ya;;Ya;;;;;;Ya;;Ya;;Ya;;;;Ya;;;;Ya;;Ya;;Ya;;Ya;;Ya;;Ya;;Ya;;Ya;;Ya;;Ya;;Ya;;Ya;;Ya;;Ya;;Ya;;;;;;;
179;11.32;irsan ;Thursday, 11 December 2025;Tidak Sibuk ;9H;Pasar Minggu - Cipedak;SGI-240005;Feeder Bus Sedang;Bus Sedang;Ya;;Ya;;Ya;;Ya;;Ya;;Ya;;;;Ya;;Ya;;;;Ya;;Ya;;Ya;;Ya;;Ya;;Ya;;;;Ya;;Ya;;Ya;;;;Ya;;Ya;;;;;;Ya;;Ya;;Ya;;Ya;;;;;;Ya;;Ya;;Ya;;;;Ya;;;;Ya;;Ya;;Ya;;Ya;;Ya;;Ya;;Ya;;Ya;;Ya;;Ya;;Ya;;Ya;;Ya;;Ya;;Ya;;;;;;;
180;11.00;Badruz;Thursday, 11 December 2025;Tidak Sibuk ;4B;UI - Stasiun Manggarai;MYS-22356;Feeder Bus Besar;Low Entry;Ya;;Ya;;Ya;;Ya;;Ya;;Ya;;;;Ya;;Ya;;;;Ya;;Ya;;Ya;;Ya;;Tidak;belum Mengisi LPSB;Ya;;;;Ya;;Ya;;Ya;;;;Ya;;Ya;;;;;;Ya;;Ya;;Ya;;Ya;;;;;;Ya;;Ya;;Ya;;Ya;;Ya;;Ya;;Ya;;Ya;;Ya;;Ya;;Ya;;Ya;;Ya;;Ya;;Ya;;Ya;;Tidak;Mengganggu arus lalu lintas;Ya;;Ya;;Ya;;Ya;;;;;;;
181;10.56;Badruz;Thursday, 11 December 2025;Tidak Sibuk ;4B;UI - Stasiun Manggarai;MYS-23378;Feeder Bus Besar;Low Entry;Ya;;Ya;;Ya;;Ya;;Ya;;Ya;;;;Ya;;Ya;;;;Ya;;Ya;;Ya;;Ya;;Ya;;Ya;;;;Ya;;Ya;;Ya;;;;Ya;;Ya;;;;;;Ya;;Ya;;Ya;;Ya;;;;;;Ya;;Ya;;Ya;;Ya;;Ya;;Ya;;Ya;;Ya;;Ya;;Ya;;Ya;;Ya;;Ya;;Ya;;Ya;;Ya;;Tidak;Mengganggu arus lalu lintas;Ya;;Ya;;Ya;;Ya;;;;;;;
182;09.51;Badruz;Thursday, 11 December 2025;Tidak Sibuk ;4B;UI - Stasiun Manggarai;MYS-23379;Feeder Bus Besar;Low Entry;Ya;;Ya;;Ya;;Ya;;Ya;;Ya;;;;Ya;;Ya;;;;Ya;;Ya;;Ya;;Ya;;Ya;;Ya;;;;Ya;;Ya;;Ya;;;;Ya;;Ya;;;;;;Ya;;Ya;;Ya;;Ya;;;;;;Ya;;Ya;;Ya;;Ya;;Ya;;Ya;;Ya;;Ya;;Ya;;Ya;;Ya;;Ya;;Ya;;Ya;;Ya;;Ya;;Tidak;Mengganggu arus lalu lintas;Ya;;Ya;;Ya;;Ya;;;;;;;
183;09.58;Badruz;Thursday, 11 December 2025;Tidak Sibuk ;4B;UI - Stasiun Manggarai;MYS-23364;Feeder Bus Besar;Low Entry;Ya;;Ya;;Ya;;Ya;;Ya;;Ya;;;;Ya;;Ya;;;;Ya;;Ya;;Ya;;Ya;;Ya;;Ya;;;;Ya;;Ya;;Ya;;;;Ya;;Ya;;;;;;Ya;;Ya;;Ya;;Ya;;;;;;Ya;;Ya;;Ya;;Ya;;Ya;;Ya;;Ya;;Ya;;Ya;;Ya;;Ya;;Ya;;Ya;;Ya;;Ya;;Ya;;Tidak;Mengganggu arus lalu lintas;Ya;;Ya;;Ya;;Ya;;;;;;;
184;10.25;Badruz;Thursday, 11 December 2025;Tidak Sibuk ;4B;UI - Stasiun Manggarai;MYS-23376;Feeder Bus Besar;Low Entry;Ya;;Ya;;Ya;;Ya;;Ya;;Ya;;;;Ya;;Ya;;;;Ya;;Ya;;Ya;;Ya;;Ya;;Ya;;;;Ya;;Ya;;Ya;;;;Ya;;Ya;;;;;;Ya;;Ya;;Ya;;Ya;;;;;;Ya;;Ya;;Ya;;Ya;;Ya;;Ya;;Ya;;Ya;;Ya;;Ya;;Ya;;Ya;;Ya;;Ya;;Ya;;Ya;;Tidak;Mengganggu arus lalu lintas;Ya;;Ya;;Ya;;Ya;;;;;;;
185;10.42;Badruz;Thursday, 11 December 2025;Tidak Sibuk ;4B;UI - Stasiun Manggarai;TJ-0743;Feeder Bus Besar;Low Entry;Ya;;Ya;;Ya;;Ya;;Ya;;Ya;;;;Ya;;Ya;;;;Ya;;Ya;;Ya;;Ya;;Ya;;Ya;;;;Ya;;Ya;;Ya;;;;Ya;;Ya;;;;;;Ya;;Ya;;Ya;;Ya;;;;;;Ya;;Tidak;Tidak ada seatbelt;Ya;;Ya;;Ya;;Tidak;85 cm;Ya;;Ya;;Ya;;Ya;;Ya;;Ya;;Ya;;Ya;;Ya;;Ya;;Tidak;Mengganggu arus lalu lintas;Ya;;Ya;;Ya;;Ya;;;;;;;
186;11.00;Lihan;Thursday, 11 December 2025;Tidak Sibuk ;7D;TMII - Pancoran;BHL-220509;Feeder Bus Besar;Single Bus;Ya;;Ya;;Tidak;Tidak ada;Ya;;Ya;;Ya;;;;Ya;;Ya;;;;Ya;;Ya;;Ya;;Ya;;Ya;;Ya;;;;Ya;;Ya;;Ya;;;;Ya;;Ya;;;;;;Ya;;Ya;;Ya;;Ya;;;;;;Ya;;Ya;;Ya;;Ya;;Tidak;Tidak Tersedia;;;Ya;;Ya;;Ya;;Ya;;Ya;;Ya;;Ya;;Ya;;Ya;;Ya;;Ya;;Ya;;Ya;;Ya;;Ya;;;;;;;
187;10.49;Lihan;Thursday, 11 December 2025;Tidak Sibuk ;7D;TMII - Pancoran;BHL-220508;Feeder Bus Besar;Single Bus;Ya;;Ya;;Tidak;Tidak ada;Ya;;Ya;;Ya;;;;Ya;;Ya;;;;Ya;;Ya;;Ya;;Ya;;Ya;;Ya;;;;Ya;;Ya;;Ya;;;;Ya;;Ya;;;;;;Ya;;Ya;;Ya;;Ya;;;;;;Ya;;Ya;;Ya;;Ya;;Tidak;Tidak Tersedia;;;Ya;;Ya;;Ya;;Ya;;Ya;;Ya;;Ya;;Ya;;Ya;;Ya;;Ya;;Ya;;Ya;;Ya;;Ya;;;;;;;
188;10.43;Lihan;Thursday, 11 December 2025;Tidak Sibuk ;7D;TMII - Pancoran;BHL-220514;Feeder Bus Besar;Single Bus;Ya;;Ya;;Tidak;Tidak ada;Ya;;Ya;;Ya;;;;Ya;;Ya;;;;Ya;;Ya;;Ya;;Ya;;Ya;;Ya;;;;Ya;;Ya;;Ya;;;;Ya;;Ya;;;;;;Ya;;Ya;;Ya;;Ya;;;;;;Ya;;Ya;;Ya;;Ya;;Tidak;Tidak Tersedia;;;Ya;;Ya;;Ya;;Ya;;Ya;;Ya;;Ya;;Ya;;Ya;;Ya;;Ya;;Ya;;Ya;;Ya;;Ya;;;;;;;
189;10.46;Lihan;Thursday, 11 December 2025;Tidak Sibuk ;7D;TMII - Pancoran;BHL-220515;Feeder Bus Besar;Single Bus;Ya;;Ya;;Tidak;Tidak ada;Ya;;Ya;;Ya;;;;Ya;;Ya;;;;Ya;;Ya;;Ya;;Ya;;Ya;;Ya;;;;Ya;;Ya;;Ya;;;;Ya;;Ya;;;;;;Ya;;Ya;;Ya;;Ya;;;;;;Ya;;Ya;;Ya;;Ya;;Tidak;Tidak Tersedia;;;Ya;;Ya;;Ya;;Ya;;Ya;;Ya;;Ya;;Ya;;Ya;;Ya;;Ya;;Ya;;Ya;;Ya;;Ya;;;;;;;
190;09.55 WIB;Rizky;Friday, 12 December 2025;Tidak Sibuk;6 D;Stasiun Tebet - Bundaran Senayan;TJ - 783;Feeder Bus Besar;Low Entry;Ya;;Ya;;Tidak;Tidak ada;Ya;;Ya;;Ya;;;;Ya;;Ya;;;;Ya;;Ya;;Ya;;Ya;;Ya;;Ya;;;;Ya;;Ya;;Tidak;20 HandGrip;;;Ya;;Ya;;;;;;Ya;;Ya;;Ya;;Ya;;;;;;Ya;;Tidak;Tidak ada Seatbelt;Ya;;Ya;;Ya;;Ya;;Ya;;Ya;;Ya;;Ya;;Ya;;Ya;;Ya;;Ya;;Ya;;Ya;;Ya;;Ya;;Ya;;Ya;;Ya;;;;;;;
191;09.39 WIB;Rizky;Friday, 12 December 2025;Tidak Sibuk;6 D;Stasiun Tebet - Bundaran Senayan;TJ - 808;Feeder Bus Besar;Low Entry;Ya;;Ya;;Tidak;Tidak ada;Ya;;Ya;;Ya;;;;Ya;;Ya;;;;Ya;;Ya;;Ya;;Ya;;Ya;;Ya;;;;Ya;;Ya;;Tidak;20 HandGrip;;;Ya;;Ya;;;;;;Ya;;Ya;;Ya;;Ya;;;;;;Ya;;Tidak;Tidak ada Seatbelt;Ya;;Ya;;Ya;;Ya;;Ya;;Ya;;Ya;;Ya;;Ya;;Ya;;Ya;;Ya;;Ya;;Ya;;Ya;;Ya;;Ya;;Ya;;Ya;;;;;;;
192;10.08 WIB;Rizky;Friday, 12 December 2025;Tidak Sibuk;6 D;Stasiun Tebet - Bundaran Senayan;TJ - 819;Feeder Bus Besar;Low Entry;Ya;;Ya;;Tidak;Tidak ada;Ya;;Ya;;Ya;;;;Ya;;Ya;;;;Ya;;Ya;;Ya;;Ya;;Ya;;Ya;;;;Ya;;Ya;;Tidak;20 HandGrip;;;Ya;;Ya;;;;;;Ya;;Ya;;Ya;;Ya;;;;;;Ya;;Tidak;Tidak ada Seatbelt;Ya;;Ya;;Ya;;Ya;;Ya;;Ya;;Ya;;Ya;;Ya;;Ya;;Ya;;Ya;;Ya;;Ya;;Ya;;Ya;;Ya;;Ya;;Ya;;;;;;;
193;09.37 WIB;Rizky;Friday, 12 December 2025;Tidak Sibuk;6 C;Stasiun Tebet - Kuningan;JDM - 240077;Feeder Bus Sedang;Bus Sedang;Ya;;Ya;;Ya;;Ya;;Ya;;Ya;;;;Ya;;Ya;;;;Ya;;Ya;;Ya;;Ya;;Ya;;Ya;;;;Ya;;Ya;;Ya;;;;Ya;;Ya;;;;;;Ya;;Ya;;Ya;;Ya;;;;;;Ya;;Ya;;Ya;;;;Ya;;;;Ya;;Ya;;Ya;;Ya;;Ya;;Ya;;Ya;;Ya;;Ya;;Ya;;Ya;;Ya;;Ya;;Ya;;Ya;;;;;;;
194;09.35 WIB;Rizky;Friday, 12 December 2025;Tidak Sibuk;6 C;Stasiun Tebet - Kuningan;JDM - 240090;Feeder Bus Sedang;Bus Sedang;Ya;;Ya;;Ya;;Ya;;Ya;;Ya;;;;Ya;;Ya;;;;Ya;;Ya;;Ya;;Ya;;Ya;;Ya;;;;Ya;;Ya;;Ya;;;;Ya;;Ya;;;;;;Ya;;Ya;;Ya;;Ya;;;;;;Ya;;Ya;;Ya;;;;Ya;;;;Ya;;Ya;;Ya;;Ya;;Ya;;Ya;;Ya;;Ya;;Ya;;Ya;;Ya;;Ya;;Ya;;Ya;;Ya;;;;;;;
195;09.04 WIB;Rizky;Friday, 12 December 2025;Tidak Sibuk;5 B;Stasiun Tebet - Bidara Cina;TJ - 287;Feeder Bus Besar;Single Bus;Ya;;Ya;;Tidak;Tidak ada;Ya;;Ya;;Ya;;;;Ya;;Ya;;;;Ya;;Ya;;Ya;;Ya;;Ya;;Ya;;;;Ya;;Ya;;Ya;;;;Ya;;Ya;;;;;;Ya;;Ya;;Ya;;Ya;;;;;;Ya;;Tidak;Tidak ada Seatbelt;Ya;;Ya;;Tidak;Tidak ada;;;Ya;;Ya;;Ya;;Ya;;Ya;;Ya;;Ya;;Ya;;Ya;;Ya;;Ya;;Ya;;Ya;;Ya;;Ya;;;;;;;
196;11.45 WIB;Wiji;Wednesday, 17 December 2025;Tidak Sibuk;8 C;Kebayoran Lama - Tanah Abang;DMR - 623;Feeder Bus Besar;Single Bus;Ya;;Ya;;Ya;;Ya;;Ya;;Ya;;;;Ya;;Ya;;;;Ya;;Ya;;Ya;;Ya;;Ya;;Ya;;;;Ya;;Ya;;Ya;;;;Ya;;Ya;;;;;;Ya;;Ya;;Ya;;Ya;;;;;;Ya;;Tidak;Tidak ada Seatbelt;Ya;;Tidak;Tidak ada Strap;Tidak;Tidak ada;;;Ya;;Ya;;Ya;;Ya;;Ya;;Ya;;Ya;;Ya;;Ya;;Ya;;Ya;;Ya;;Ya;;Ya;;Ya;;;;;;;
197;11.55 WIB;Wiji;Wednesday, 17 December 2025;Tidak Sibuk;8 C;Kebayoran Lama - Tanah Abang;DMR - 618;Feeder Bus Besar;Single Bus;Ya;;Ya;;Ya;;Ya;;Ya;;Ya;;;;Ya;;Ya;;;;Ya;;Ya;;Ya;;Ya;;Ya;;Ya;;;;Ya;;Ya;;Ya;;;;Ya;;Ya;;;;;;Ya;;Ya;;Ya;;Ya;;;;;;Ya;;Tidak;Tidak ada Seatbelt;Ya;;Tidak;Tidak ada Strap;Tidak;Tidak ada;;;Ya;;Ya;;Ya;;Ya;;Ya;;Ya;;Ya;;Ya;;Ya;;Ya;;Ya;;Ya;;Ya;;Ya;;Ya;;;;;;;
198;11.31 WIB;Wiji;Wednesday, 17 December 2025;Tidak Sibuk;8 C;Kebayoran Lama - Tanah Abang;DMR - 297;Feeder Bus Besar;Single Bus;Ya;;Ya;;Ya;;Ya;;Ya;;Ya;;;;Ya;;Ya;;;;Ya;;Ya;;Ya;;Ya;;Ya;;Ya;;;;Ya;;Ya;;Ya;;;;Ya;;Ya;;;;;;Ya;;Ya;;Ya;;Ya;;;;;;Ya;;Tidak;Tidak ada Seatbelt;Ya;;Tidak;Tidak ada Strap;Tidak;Tidak ada;;;Ya;;Ya;;Ya;;Ya;;Ya;;Ya;;Ya;;Ya;;Ya;;Ya;;Ya;;Ya;;Ya;;Ya;;Ya;;;;;;;
199;11.10 WIB;Wiji;Wednesday, 17 December 2025;Tidak Sibuk;8 N;Kebayoran Lama - Petamburan;PSU - 240017;Feeder Bus Sedang;Bus Sedang;Ya;;Ya;;Ya;;Ya;;Ya;;Ya;;;;Ya;;Ya;;;;Ya;;Ya;;Ya;;Ya;;Ya;;Ya;;;;Ya;;Ya;;Ya;;;;Ya;;Ya;;;;;;Ya;;Ya;;Ya;;Ya;;;;;;Ya;;Ya;;Ya;;;;Ya;;;;Ya;;Ya;;Ya;;Ya;;Ya;;Ya;;Ya;;Ya;;Ya;;Ya;;Ya;;Ya;;Ya;;Ya;;Ya;;;;;;;
200;11.25 WIB;Wiji;Wednesday, 17 December 2025;Tidak Sibuk;8 N;Kebayoran Lama - Petamburan;PSU - 240018;Feeder Bus Sedang;Bus Sedang;Ya;;Ya;;Ya;;Ya;;Ya;;Ya;;;;Ya;;Ya;;;;Ya;;Ya;;Ya;;Ya;;Ya;;Ya;;;;Ya;;Ya;;Ya;;;;Ya;;Ya;;;;;;Ya;;Ya;;Ya;;Ya;;;;;;Ya;;Ya;;Ya;;;;Ya;;;;Ya;;Ya;;Ya;;Ya;;Ya;;Ya;;Ya;;Ya;;Ya;;Ya;;Ya;;Ya;;Ya;;Ya;;Ya;;;;;;;
201;12.15 WIB;Wiji;Wednesday, 17 December 2025;Tidak Sibuk;9 E;Kebayoran Lama - Jelambar;DMR - 253;Feeder Bus Besar;Single Bus;Ya;;Ya;;Ya;;Ya;;Ya;;Ya;;;;Ya;;Ya;;;;Ya;;Ya;;Ya;;Ya;;Ya;;Ya;;;;Ya;;Ya;;Ya;;;;Ya;;Ya;;;;;;Ya;;Ya;;Ya;;Ya;;;;;;Ya;;Tidak;Tidak ada Seatbelt;Ya;;Tidak;Tidak ada Strap;Tidak;Tidak ada;;;Ya;;Ya;;Ya;;Ya;;Ya;;Ya;;Ya;;Ya;;Ya;;Ya;;Ya;;Ya;;Ya;;Ya;;Ya;;;;;;;
202;12.25 WIB;Wiji;Wednesday, 17 December 2025;Tidak Sibuk;9 E;Kebayoran Lama - Jelambar;DMR - 676;Feeder Bus Besar;Single Bus;Ya;;Ya;;Ya;;Ya;;Ya;;Ya;;;;Ya;;Ya;;;;Ya;;Ya;;Ya;;Ya;;Ya;;Ya;;;;Ya;;Ya;;Ya;;;;Ya;;Ya;;;;;;Ya;;Ya;;Ya;;Ya;;;;;;Ya;;Tidak;Tidak ada Seatbelt;Ya;;Tidak;Tidak ada Strap;Tidak;Tidak ada;;;Ya;;Ya;;Ya;;Ya;;Ya;;Ya;;Ya;;Ya;;Ya;;Ya;;Ya;;Ya;;Ya;;Ya;;Ya;;;;;;;
203;12.05 WIB;Wiji;Wednesday, 17 December 2025;Tidak Sibuk;9 E;Kebayoran Lama - Jelambar;DMR - 428;Feeder Bus Besar;Single Bus;Ya;;Ya;;Ya;;Ya;;Ya;;Ya;;;;Ya;;Ya;;;;Ya;;Ya;;Ya;;Ya;;Ya;;Ya;;;;Ya;;Ya;;Ya;;;;Ya;;Ya;;;;;;Ya;;Ya;;Ya;;Ya;;;;;;Ya;;Tidak;Tidak ada Seatbelt;Ya;;Tidak;Tidak ada Strap;Tidak;Tidak ada;;;Ya;;Ya;;Ya;;Ya;;Ya;;Ya;;Ya;;Ya;;Ya;;Ya;;Ya;;Ya;;Ya;;Ya;;Ya;;;;;;;
204;12.23 WIB;Rio;Wednesday, 17 December 2025;Tidak Sibuk;1 B;Palmerah - Transport Hub Dukuh Atas;TJ - 881;Feeder Bus Besar;Single Bus;Ya;;Ya;;Tidak;Tidak Ada;Ya;;Ya;;Ya;;;;Ya;;Ya;;;;Ya;;Ya;;Ya;;Ya;;Ya;;Ya;;;;Ya;;Ya;;Ya;;;;Ya;;Ya;;;;;;Ya;;Ya;;Ya;;Ya;;;;;;Ya;;Tidak;Tidak ada;Ya;;Ya;;Tidak;Tidak ada;;;Ya;;Ya;;Ya;;Ya;;Ya;;Ya;;Ya;;Ya;;Ya;;Ya;;Ya;;Ya;;Ya;;Ya;;Ya;;;;;;;
205;12.25 WIB;Rio;Wednesday, 17 December 2025;Tidak Sibuk;1 B;Palmerah - Transport Hub Dukuh Atas;TJ - 279;Feeder Bus Besar;Single Bus;Ya;;Ya;;Tidak;Tidak Ada;Ya;;Ya;;Ya;;;;Ya;;Ya;;;;Ya;;Ya;;Ya;;Ya;;Ya;;Ya;;;;Ya;;Ya;;Ya;;;;Ya;;Ya;;;;;;Ya;;Ya;;Ya;;Ya;;;;;;Ya;;Tidak;Tidak ada;Ya;;Ya;;Tidak;Tidak ada;;;Ya;;Ya;;Ya;;Ya;;Ya;;Ya;;Ya;;Ya;;Ya;;Ya;;Ya;;Ya;;Ya;;Ya;;Ya;;;;;;;
206;12.38 WIB;Rio;Wednesday, 17 December 2025;Tidak Sibuk;1 B;Palmerah - Transport Hub Dukuh Atas;TJ - 292;Feeder Bus Besar;Single Bus;Ya;;Ya;;Tidak;Tidak Ada;Ya;;Ya;;Ya;;;;Ya;;Ya;;;;Ya;;Ya;;Ya;;Ya;;Ya;;Ya;;;;Ya;;Ya;;Ya;;;;Ya;;Ya;;;;;;Ya;;Ya;;Ya;;Ya;;;;;;Ya;;Ya;;Ya;;Ya;;Tidak;Tidak ada;;;Ya;;Ya;;Ya;;Ya;;Ya;;Ya;;Ya;;Ya;;Ya;;Ya;;Ya;;Ya;;Ya;;Ya;;Ya;;;;;;;
207;12.20 WIB;Rio;Wednesday, 17 December 2025;Tidak Sibuk;1 F;Palmerah - Bundaran Senayan;TJ - 295;Feeder Bus Besar;Single Bus;Ya;;Ya;;Tidak;Tidak Ada;Ya;;Ya;;Ya;;;;Ya;;Ya;;;;Ya;;Ya;;Ya;;Ya;;Ya;;Ya;;;;Ya;;Ya;;Ya;;;;Ya;;Ya;;;;;;Ya;;Ya;;Ya;;Ya;;;;;;Ya;;Tidak;Tidak ada;Ya;;Ya;;Tidak;Tidak ada;;;Ya;;Ya;;Ya;;Ya;;Ya;;Ya;;Ya;;Ya;;Ya;;Ya;;Ya;;Ya;;Ya;;Ya;;Ya;;;;;;;
208;12.43 WIB;Rio;Wednesday, 17 December 2025;Tidak Sibuk;1 F;Palmerah - Bundaran Senayan;TJ - 290;Feeder Bus Besar;Single Bus;Ya;;Ya;;Tidak;Tidak Ada;Ya;;Ya;;Ya;;;;Ya;;Ya;;;;Ya;;Ya;;Ya;;Ya;;Ya;;Ya;;;;Ya;;Ya;;Ya;;;;Ya;;Ya;;;;;;Ya;;Ya;;Ya;;Ya;;;;;;Ya;;Tidak;Tidak ada;Ya;;Ya;;Tidak;Tidak ada;;;Ya;;Ya;;Ya;;Ya;;Ya;;Ya;;Ya;;Ya;;Ya;;Ya;;Ya;;Ya;;Ya;;Ya;;Ya;;;;;;;
209;11.32 WIB;Ibrahim;Thursday, 18 December 2025;Tidak Sibuk;12 A;Pelabuhan Kali Adem - Kota;TSW - 013;Feeder Bus Sedang;Bus Sedang;Ya;;Ya;;Tidak;Tidak ada;Ya;;Ya;;Ya;;;;Ya;;Ya;;;;Ya;;Ya;;Ya;;Ya;;Ya;;Ya;;;;Ya;;Ya;;Ya;;;;Ya;;Ya;;;;;;Ya;;Ya;;Ya;;Ya;;;;;;Ya;;Ya;;Ya;;;;Ya;Tombol Jauh Dari Kursi Prioritas ;;;Ya;;Ya;;Ya;;Ya;;Ya;;Ya;;Ya;;Ya;;Ya;;Ya;;Ya;;Ya;;Ya;;Ya;;Ya;;;;;;;
210;11.32 WIB;Ibrahim;Thursday, 18 December 2025;Tidak Sibuk;3 D;Taman Kota - Penjaringan Via Tubagus Angke;TSW - 059;Feeder Bus Sedang;Bus Sedang;Ya;;Ya;;Tidak;Tidak ada;Ya;;Ya;;Ya;;;;Ya;;Ya;;;;Ya;;Ya;;Ya;;Ya;;Ya;;Ya;;;;Ya;;Ya;;Ya;;;;Ya;;Ya;;;;;;Ya;;Ya;;Ya;;Ya;;;;;;Ya;;Ya;;Ya;;;;Ya;Tombol Jauh Dari Kursi Prioritas ;;;Ya;;Ya;;Ya;;Ya;;Ya;;Ya;;Ya;;Ya;;Ya;;Ya;;Ya;;Ya;;Ya;;Ya;;Ya;;;;;;;
211;10.02 WIB;Ibrahim;Thursday, 18 December 2025;Tidak Sibuk;3 D;Taman Kota - Penjaringan Via Tubagus Angke;TSW - 100;Feeder Bus Sedang;Bus Sedang;Ya;;Ya;;Tidak;Tidak ada;Ya;;Ya;;Ya;;;;Ya;;Ya;;;;Ya;;Ya;;Ya;;Ya;;Ya;;Ya;;;;Ya;;Ya;;Ya;;;;Ya;;Ya;;;;;;Ya;;Ya;;Ya;;Ya;;;;;;Ya;;Ya;;Ya;;;;Ya;Tombol Jauh Dari Kursi Prioritas ;;;Ya;;Ya;;Ya;;Ya;;Ya;;Ya;;Ya;;Ya;;Ya;;Ya;;Ya;;Ya;;Ya;;Ya;;Ya;;;;;;;
212;08.41 WIB;Likhan;Thursday, 18 December 2025;Sibuk;1 A;Pantai Maju - Balaikota;MYS - 10154;Feeder Bus Besar;Single Bus;Ya;;Ya;;Tidak;Tidak ada;Ya;;Ya;;Ya;;;;Ya;;Ya;;;;Ya;;Ya;;Ya;;Ya;;Ya;;Ya;;;;Ya;;Ya;;Ya;;;;Ya;;Ya;;;;;;Ya;;Ya;;Ya;;Ya;;;;;;Ya;;Tidak;Tidak ada Seatbelt;Ya;;Ya;;Tidak;Tidak ada;;;Ya;;Ya;;Ya;;Ya;;Ya;;Ya;;Ya;;Ya;;Ya;;Ya;;Ya;;Ya;;Ya;;Ya;;Ya;;;;;;;
213;08.57 WIB;Likhan;Thursday, 18 December 2025;Sibuk;1 A;Pantai Maju - Balaikota;DMR - 250239;Feeder Bus Besar;Single Bus;Ya;;Ya;;Ya;;Ya;;Ya;;Ya;;;;Ya;;Ya;;;;Ya;;Ya;;Ya;;Ya;;Ya;;Ya;;;;Ya;;Ya;;Ya;;;;Ya;;Ya;;;;;;Ya;;Ya;;Ya;;Ya;;;;;;Ya;;Ya;;Ya;;Ya;;Ya;;;;Ya;;Ya;;Ya;;Ya;;Ya;;Ya;;Ya;;Ya;;Ya;;Ya;;Ya;;Ya;;Ya;;Ya;;Ya;;;;;;;
214;09.03 WIB;Ibrahim;Thursday, 18 December 2025;Sibuk;1 A;Pantai Maju - Balaikota;DMR - 250179;Feeder Bus Besar;Single Bus;Ya;;Ya;;Ya;;Ya;;Ya;;Ya;;;;Ya;;Ya;;;;Ya;;Ya;;Ya;;Ya;;Ya;;Ya;;;;Ya;;Ya;;Ya;;;;Ya;;Ya;;;;;;Ya;;Ya;;Ya;;Ya;;;;;;Ya;;Ya;;Ya;;Ya;;Ya;;;;Ya;;Ya;;Ya;;Ya;;Ya;;Ya;;Ya;;Ya;;Ya;;Ya;;Ya;;Ya;;Ya;;Ya;;Ya;;;;;;;
215;09.08 WIB;Ibrahim;Thursday, 18 December 2025;Tidak Sibuk;1 A;Pantai Maju - Balaikota;DMR - 250204;Feeder Bus Besar;Single Bus;Ya;;Ya;;Ya;;Ya;;Ya;;Ya;;;;Ya;;Ya;;;;Ya;;Ya;;Ya;;Ya;;Ya;;Ya;;;;Ya;;Ya;;Ya;;;;Ya;;Ya;;;;;;Ya;;Ya;;Ya;;Ya;;;;;;Ya;;Ya;;Ya;;Ya;;Ya;;;;Ya;;Ya;;Ya;;Ya;;Ya;;Ya;;Ya;;Ya;;Ya;;Ya;;Ya;;Ya;;Ya;;Ya;;Ya;;;;;;;
216;08.31 WIB;Ibrahim;Thursday, 18 December 2025;Sibuk;1 A;Pantai Maju - Balaikota;DMR - 250181;Feeder Bus Besar;Single Bus;Ya;;Ya;;Ya;;Ya;;Ya;;Ya;;;;Ya;;Ya;;;;Ya;;Ya;;Ya;;Ya;;Ya;;Ya;;;;Ya;;Ya;;Ya;;;;Ya;;Ya;;;;;;Ya;;Ya;;Ya;;Ya;;;;;;Ya;;Ya;;Ya;;Ya;;Ya;;;;Ya;;Ya;;Ya;;Ya;;Ya;;Ya;;Ya;;Ya;;Ya;;Ya;;Ya;;Ya;;Ya;;Ya;;Ya;;;;;;;
217;08.34 WIB;Ibrahim;Thursday, 18 December 2025;Sibuk;1 A;Pantai Maju - Balaikota;DMR - 250170;Feeder Bus Besar;Single Bus;Ya;;Ya;;Ya;;Ya;;Ya;;Ya;;;;Ya;;Ya;;;;Ya;;Ya;;Ya;;Ya;;Ya;;Ya;;;;Ya;;Ya;;Ya;;;;Ya;;Ya;;;;;;Ya;;Ya;;Ya;;Ya;;;;;;Ya;;Ya;;Ya;;Ya;;Ya;;;;Ya;;Ya;;Ya;;Ya;;Ya;;Ya;;Ya;;Ya;;Ya;;Ya;;Ya;;Ya;;Ya;;Ya;;Ya;;;;;;;
218;08.51 WIB;Ibrahim;Thursday, 18 December 2025;Sibuk;1 A;Pantai Maju - Balaikota;DMR - 250169;Feeder Bus Besar;Single Bus;Ya;;Ya;;Ya;;Ya;;Ya;;Ya;;;;Ya;;Ya;;;;Ya;;Ya;;Ya;;Ya;;Ya;;Ya;;;;Ya;;Ya;;Ya;;;;Ya;;Ya;;;;;;Ya;;Ya;;Ya;;Ya;;;;;;Ya;;Ya;;Ya;;Ya;;Ya;;;;Ya;;Ya;;Ya;;Ya;;Ya;;Ya;;Ya;;Ya;;Ya;;Ya;;Ya;;Ya;;Ya;;Ya;;Ya;;;;;;;
219;08.31 WIB;Likhan;Thursday, 18 December 2025;Sibuk;1 A;Pantai Maju - Balaikota;DMR - 250259;Feeder Bus Besar;Single Bus;Ya;;Ya;;Ya;;Ya;;Ya;;Ya;;;;Ya;;Ya;;;;Ya;;Ya;;Ya;;Ya;;Ya;;Ya;;;;Ya;;Ya;;Ya;;;;Ya;;Ya;;;;;;Ya;;Ya;;Ya;;Ya;;;;;;Ya;;Ya;;Ya;;Ya;;Ya;;;;Ya;;Ya;;Ya;;Ya;;Ya;;Ya;;Ya;;Ya;;Ya;;Ya;;Ya;;Ya;;Ya;;Ya;;Ya;;;;;;;
220;08.33 WIB;Likhan;Thursday, 18 December 2025;Sibuk;1 A;Pantai Maju - Balaikota;DMR - 250272;Feeder Bus Besar;Single Bus;Ya;;Ya;;Ya;;Ya;;Ya;;Ya;;;;Ya;;Ya;;;;Ya;;Ya;;Ya;;Ya;;Ya;;Ya;;;;Ya;;Ya;;Ya;;;;Ya;;Ya;;;;;;Ya;;Ya;;Ya;;Ya;;;;;;Ya;;Ya;;Ya;;Ya;;Ya;;;;Ya;;Ya;;Ya;;Ya;;Ya;;Ya;;Ya;;Ya;;Ya;;Ya;;Ya;;Ya;;Ya;;Ya;;Ya;;;;;;;
221;08.35 WIB;Likhan;Thursday, 18 December 2025;Sibuk;1 A;Pantai Maju - Balaikota;DMR - 250241;Feeder Bus Besar;Single Bus;Ya;;Ya;;Ya;;Ya;;Ya;;Ya;;;;Ya;;Ya;;;;Ya;;Ya;;Ya;;Ya;;Ya;;Ya;;;;Ya;;Ya;;Ya;;;;Ya;;Ya;;;;;;Ya;;Ya;;Ya;;Ya;;;;;;Ya;;Ya;;Ya;;Ya;;Ya;;;;Ya;;Ya;;Ya;;Ya;;Ya;;Ya;;Ya;;Ya;;Ya;;Ya;;Ya;;Ya;;Ya;;Ya;;Ya;;;;;;;
222;08.47 WIB;Likhan;Thursday, 18 December 2025;Sibuk;1 A;Pantai Maju - Balaikota;DMR - 250273;Feeder Bus Besar;Single Bus;Ya;;Ya;;Ya;;Ya;;Ya;;Ya;;;;Ya;;Ya;;;;Ya;;Ya;;Ya;;Ya;;Ya;;Ya;;;;Ya;;Ya;;Ya;;;;Ya;;Ya;;;;;;Ya;;Ya;;Ya;;Ya;;;;;;Ya;;Ya;;Ya;;Ya;;Ya;;;;Ya;;Ya;;Ya;;Ya;;Ya;;Ya;;Ya;;Ya;;Ya;;Ya;;Ya;;Ya;;Ya;;Ya;;Ya;;;;;;;
223;08.49 WIB;Likhan;Thursday, 18 December 2025;Sibuk;1 A;Pantai Maju - Balaikota;DMR - 250176;Feeder Bus Besar;Single Bus;Ya;;Ya;;Ya;;Ya;;Ya;;Ya;;;;Ya;;Ya;;;;Ya;;Ya;;Ya;;Ya;;Ya;;Ya;;;;Ya;;Ya;;Ya;;;;Ya;;Ya;;;;;;Ya;;Ya;;Ya;;Ya;;;;;;Ya;;Ya;;Ya;;Ya;;Ya;;;;Ya;;Ya;;Ya;;Ya;;Ya;;Ya;;Ya;;Ya;;Ya;;Ya;;Ya;;Ya;;Ya;;Ya;;Ya;;;;;;;
224;13.55 WIB;Ramon;Thursday, 18 December 2025;Tidak Sibuk;8 K;Batu Sari - Grogol;TSW - 056;Feeder Bus Sedang;Bus Sedang;Ya;;Ya;;Tidak;Tidak ada;Ya;;Ya;;Ya;;;;Ya;;Ya;;;;Ya;;Ya;;Ya;;Ya;;Ya;;Ya;;;;Ya;;Ya;;Ya;;;;Ya;;Ya;;;;;;Ya;;Ya;;Ya;;Ya;;;;;;Ya;;Ya;;Ya;;;;Ya;Tombol Jauh Dari Kursi Prioritas ;;;Ya;;Ya;;Ya;;Ya;;Ya;;Ya;;Ya;;Ya;;Ya;;Ya;;Ya;;Ya;;Ya;;Ya;;Ya;;;;;;;
225;14.00 WIB;Ramon;Thursday, 18 December 2025;Tidak Sibuk;8 K;Batu Sari - Grogol;TSW - 050;Feeder Bus Sedang;Bus Sedang;Ya;;Ya;;Tidak;Tidak ada;Ya;;Ya;;Ya;;;;Ya;;Ya;;;;Ya;;Ya;;Ya;;Ya;;Ya;;Ya;;;;Ya;;Ya;;Ya;;;;Ya;;Ya;;;;;;Ya;;Ya;;Ya;;Ya;;;;;;Ya;;Ya;;Ya;;;;Ya;Tombol Jauh Dari Kursi Prioritas ;;;Ya;;Ya;;Ya;;Ya;;Ya;;Ya;;Ya;;Ya;;Ya;;Ya;;Ya;;Ya;;Ya;;Ya;;Ya;;;;;;;
226;14.03 WIB;Ramon;Thursday, 18 December 2025;Tidak Sibuk;8 K;Batu Sari - Grogol;TSW - 069;Feeder Bus Sedang;Bus Sedang;Ya;;Ya;;Tidak;Tidak ada;Ya;;Ya;;Ya;;;;Ya;;Ya;;;;Ya;;Ya;;Ya;;Ya;;Ya;;Ya;;;;Ya;;Ya;;Ya;;;;Ya;;Ya;;;;;;Ya;;Ya;;Ya;;Ya;;;;;;Ya;;Ya;;Ya;;;;Ya;Tombol Jauh Dari Kursi Prioritas ;;;Ya;;Ya;;Ya;;Ya;;Ya;;Ya;;Ya;;Ya;;Ya;;Ya;;Ya;;Ya;;Ya;;Ya;;Ya;;;;;;;
227;14.25 WIB;Ramon;Thursday, 18 December 2025;Tidak Sibuk;8 K;Batu Sari - Grogol;TSW - 038;Feeder Bus Sedang;Bus Sedang;Ya;;Ya;;Tidak;Tidak ada;Ya;;Ya;;Ya;;;;Ya;;Ya;;;;Ya;;Ya;;Ya;;Ya;;Ya;;Ya;;;;Ya;;Ya;;Ya;;;;Ya;;Ya;;;;;;Ya;;Ya;;Ya;;Ya;;;;;;Ya;;Ya;;Ya;;;;Ya;Tombol Jauh Dari Kursi Prioritas ;;;Ya;;Ya;;Ya;;Ya;;Ya;;Ya;;Ya;;Ya;;Ya;;Ya;;Ya;;Ya;;Ya;;Ya;;Ya;;;;;;;
228;11.34 WIB;Ramon;Thursday, 18 December 2025;Tidak Sibuk;3 E;Puri Kembangan - Sentraland Cengkareng;TJ - 872;Feeder Bus Besar;Single Bus;Ya;;Ya;;Tidak;Tidak ada;Ya;;Ya;;Ya;;;;Ya;;Ya;;;;Ya;;Ya;;Ya;;Ya;;Ya;;Ya;;;;Ya;;Ya;;Ya;;;;Ya;;Ya;;;;;;Ya;;Ya;;Ya;;Ya;;;;;;Ya;;Ya;;Ya;;Ya;;Tidak;Tidak ada;;;Ya;;Ya;;Ya;;Ya;;Ya;;Ya;;Ya;;Ya;;Ya;;Ya;;Ya;;Ya;;Ya;;Ya;;Ya;;;;;;;
229;11.45 WIB;Ramon;Thursday, 18 December 2025;Tidak Sibuk;3 E;Puri Kembangan - Sentraland Cengkareng;TJ - 252;Feeder Bus Besar;Single Bus;Ya;;Ya;;Tidak;Tidak ada;Ya;;Ya;;Ya;;;;Ya;;Ya;;;;Ya;;Ya;;Ya;;Ya;;Ya;;Ya;;;;Ya;;Ya;;Ya;;;;Ya;;Ya;;;;;;Ya;;Ya;;Ya;;Ya;;;;;;Ya;;Tidak;Tidak ada Seatbelt;Ya;;Ya;;Tidak;Tidak ada;;;Ya;;Ya;;Ya;;Ya;;Ya;;Ya;;Ya;;Ya;;Ya;;Ya;;Ya;;Ya;;Ya;;Ya;;Ya;;;;;;;
230;12.00 WIB;Ramon;Thursday, 18 December 2025;Tidak Sibuk;3 E;Puri Kembangan - Sentraland Cengkareng;TJ - 248;Feeder Bus Besar;Single Bus;Ya;;Ya;;Tidak;Tidak ada;Ya;;Ya;;Ya;;;;Ya;;Ya;;;;Ya;;Ya;;Ya;;Ya;;Ya;;Ya;;;;Ya;;Ya;;Ya;;;;Ya;;Ya;;;;;;Ya;;Ya;;Ya;;Ya;;;;;;Ya;;Ya;;Ya;;Ya;;Tidak;Tidak ada;;;Ya;;Ya;;Ya;;Ya;;Ya;;Ya;;Ya;;Ya;;Ya;;Ya;;Ya;;Ya;;Ya;;Ya;;Ya;;;;;;;
231;12.35 WIB;Ramon;Thursday, 18 December 2025;Tidak Sibuk;3 E;Puri Kembangan - Sentraland Cengkareng;TJ - 303;Feeder Bus Besar;Single Bus;Ya;;Ya;;Tidak;Tidak ada;Ya;;Ya;;Ya;;;;Ya;;Ya;;;;Ya;;Ya;;Ya;;Ya;;Ya;;Ya;;;;Ya;;Ya;;Ya;;;;Ya;;Ya;;;;;;Ya;;Ya;;Ya;;Ya;;;;;;Ya;;Tidak;Tidak ada Seatbelt;Ya;;Ya;;Tidak;Tidak ada;;;Ya;;Ya;;Ya;;Ya;;Ya;;Ya;;Ya;;Ya;;Ya;;Ya;;Ya;;Ya;;Ya;;Ya;;Ya;;;;;;;
232;09.25 WIB;Badruz;19 Desember 2025;Tidak Sibuk;7 C;Cibubur - Cawang Sentral;DMR - 0749;Feeder Bus Besar;Articulated;Ya;;Ya;;Tidak;Tidak ada;Ya;;Ya;;Ya;;;;Ya;;Ya;;;;Ya;;Ya;;Ya;;Ya;;Ya;;Ya;;;;Ya;;Ya;;Ya;;;;Ya;;Ya;;;;;;Ya;;Ya;;Ya;;Ya;;;;;;Ya;;Tidak;Tidak ada Seatbelt;Ya;;Ya;;Tidak;Tidak ada;;;Ya;;Ya;;Ya;;Ya;;Ya;;Ya;;Ya;;Tidak;Info dari PDO & Hasil Survey, Lokasi Pengendapan Kendaraan menggunakan bahu jalan;Ya;;Ya;;Ya;;Ya;;Ya;;Ya;;Ya;;;;;;;
233;08.58 WIB;Badruz;19 Desember 2025;Tidak Sibuk;7 C;Cibubur - Cawang Sentral;DMR - 0716;Feeder Bus Besar;Articulated;Ya;;Ya;;Tidak;Tidak ada;Ya;;Ya;;Ya;;;;Ya;;Ya;;;;Ya;;Ya;;Ya;;Ya;;Ya;;Ya;;;;Ya;;Ya;;Ya;;;;Ya;;Ya;;;;;;Ya;;Ya;;Ya;;Ya;;;;;;Ya;;Tidak;Tidak ada Seatbelt;Ya;;Ya;;Tidak;Tidak ada;;;Ya;;Ya;;Ya;;Ya;;Ya;;Ya;;Ya;;Tidak;Info dari PDO & Hasil Survey, Lokasi Pengendapan Kendaraan menggunakan bahu jalan;Ya;;Ya;;Ya;;Ya;;Ya;;Ya;;Ya;;;;;;;
234;09.01 WIB;Badruz;19 Desember 2025;Tidak Sibuk;7 C;Cibubur - Cawang Sentral;MYS - 18155;Feeder Bus Besar;Single Bus;Ya;;Ya;;Tidak;Tidak ada;Ya;;Ya;;Ya;;;;Ya;;Ya;;;;Ya;;Ya;;Ya;;Ya;;Ya;;Ya;;;;Ya;;Ya;;Ya;;;;Ya;;Ya;;;;;;Ya;;Ya;;Ya;;Ya;;;;;;Ya;;Ya;;Ya;;Ya;;Tidak;Tidak ada;;;Ya;;Ya;;Ya;;Ya;;Ya;;Ya;;Ya;;Tidak;Info dari PDO & Hasil Survey, Lokasi Pengendapan Kendaraan menggunakan bahu jalan;Ya;;Ya;;Ya;;Ya;;Ya;;Ya;;Ya;;;;;;;
235;09.12 WIB;Badruz;19 Desember 2025;Tidak Sibuk;7 C;Cibubur - Cawang Sentral;MYS - 18164;Feeder Bus Besar;Single Bus;Ya;;Ya;;Tidak;Tidak ada;Ya;;Ya;;Ya;;;;Ya;;Ya;;;;Ya;;Ya;;Ya;;Ya;;Ya;;Ya;;;;Ya;;Ya;;Ya;;;;Ya;;Ya;;;;;;Ya;;Ya;;Ya;;Ya;;;;;;Ya;;Ya;;Ya;;Ya;;Tidak;Tidak ada;;;Ya;;Ya;;Ya;;Ya;;Ya;;Ya;;Ya;;Tidak;Info dari PDO & Hasil Survey, Lokasi Pengendapan Kendaraan menggunakan bahu jalan;Ya;;Ya;;Ya;;Ya;;Ya;;Ya;;Ya;;;;;;;
236;09.21 WIB;Badruz;19 Desember 2025;Tidak Sibuk;7 C;Cibubur - Cawang Sentral;MYS - 18153;Feeder Bus Besar;Single Bus;Ya;;Ya;;Tidak;Tidak ada;Ya;;Ya;;Ya;;;;Ya;;Ya;;;;Ya;;Ya;;Ya;;Ya;;Ya;;Ya;;;;Ya;;Ya;;Ya;;;;Ya;;Ya;;;;;;Ya;;Ya;;Ya;;Ya;;;;;;Ya;;Tidak;Tidak ada Seatbelt;Ya;;Ya;;Tidak;Tidak ada;;;Ya;;Ya;;Ya;;Ya;;Ya;;Ya;;Ya;;Tidak;Info dari PDO & Hasil Survey, Lokasi Pengendapan Kendaraan menggunakan bahu jalan;Ya;;Ya;;Ya;;Ya;;Ya;;Ya;;Ya;;;;;;;
237;09.30 WIB;Badruz;19 Desember 2025;Tidak Sibuk;7 C;Cibubur - Cawang Sentral;MYS - 18158;Feeder Bus Besar;Single Bus;Ya;;Ya;;Tidak;Tidak ada;Ya;;Ya;;Ya;;;;Ya;;Ya;;;;Ya;;Ya;;Ya;;Ya;;Ya;;Ya;;;;Ya;;Ya;;Ya;;;;Ya;;Ya;;;;;;Ya;;Ya;;Ya;;Ya;;;;;;Ya;;Tidak;Tidak ada Seatbelt;Ya;;Ya;;Tidak;Tidak ada;;;Ya;;Ya;;Ya;;Ya;;Ya;;Ya;;Ya;;Tidak;Info dari PDO & Hasil Survey, Lokasi Pengendapan Kendaraan menggunakan bahu jalan;Ya;;Ya;;Ya;;Ya;;Ya;;Ya;;Ya;;;;;;;
238;11.11 WIB;Likhan;19 Desember 2025;Tidak Sibuk;6 Q;Galungung - Casablanca Via Epicentrum;MYS - 21234;Feeder Bus Besar;Single Bus;Ya;;Ya;;Tidak;Tidak ada;Ya;;Ya;;Ya;;;;Ya;;Ya;;;;Ya;;Ya;;Ya;;Ya;;Ya;;Ya;;;;Ya;;Ya;;Ya;;;;Ya;;Ya;;;;;;Ya;;Ya;;Ya;;Ya;;;;;;Ya;;Ya;;Ya;;Ya;;Tidak;Tidak ada;;;Ya;;Ya;;Ya;;Ya;;Ya;;Ya;;Ya;;Ya;;Ya;;Ya;;Ya;;Ya;;Ya;;Ya;;Ya;;;;;;;
239;11.17 WIB;Likhan;19 Desember 2025;Tidak Sibuk;6 Q;Galungung - Casablanca Via Epicentrum;MYS - 21237;Feeder Bus Besar;Single Bus;Ya;;Ya;;Tidak;Tidak ada;Ya;;Ya;;Ya;;;;Ya;;Ya;;;;Ya;;Ya;;Ya;;Ya;;Ya;;Ya;;;;Ya;;Ya;;Ya;;;;Ya;;Ya;;;;;;Ya;;Ya;;Ya;;Ya;;;;;;Ya;;Ya;;Ya;;Ya;;Tidak;Tidak ada;;;Ya;;Ya;;Ya;;Ya;;Ya;;Ya;;Ya;;Ya;;Ya;;Ya;;Ya;;Ya;;Ya;;Ya;;Ya;;;;;;;
240;11.26 WIB;Ibrahim;19 Desember 2025;Tidak Sibuk;7 W;Cawang - ST. KCIC Halim;TJ - 812;Feeder Bus Besar;Low Entry;Ya;;Ya;;Tidak;Tidak ada;Ya;;Ya;;Ya;;;;Ya;;Ya;;;;Ya;;Ya;;Ya;;Ya;;Ya;;Ya;;;;Ya;;Ya;;Tidak;20 Handgrip;;;Ya;;Ya;;;;;;Ya;;Ya;;Ya;;Ya;;;;;;Ya;;Tidak;Tidak ada Seatbelt;Ya;;Ya;;Ya;;;;Ya;;Ya;;Ya;;Ya;;Ya;;Ya;;Ya;;Ya;;Ya;;Ya;;Ya;;Ya;;Ya;;Ya;;Ya;;;;;;;
241;14.34 WIB;Rio;19 Desember 2025;Tidak Sibuk;4 C;Pemuda Merdeka - Bundaran Senayan;DMR - 230101;Feeder Bus Besar;Low Entry;Ya;;Ya;;Tidak;Tidak ada;Ya;;Ya;;Ya;;;;Ya;;Ya;;;;Ya;;Ya;;Ya;;Ya;;Ya;;Ya;;;;Ya;;Ya;;Ya;;;;Ya;;Ya;;;;;;Ya;;Ya;;Ya;;Ya;;;;;;Ya;;Ya;;Ya;;Ya;;Ya;;Tidak;90 cm;Ya;;Ya;;Ya;;Ya;;Ya;;Ya;;Ya;;Ya;;Ya;;Ya;;Ya;;Ya;;Ya;;Ya;;Ya;;;;;;;
242;14.11 WIB;Rio;19 Desember 2025;Tidak Sibuk;4 C;Pemuda Merdeka - Bundaran Senayan;DMR - 230113;Feeder Bus Besar;Low Entry;Ya;;Ya;;Tidak;Tidak ada;Ya;;Ya;;Ya;;;;Ya;;Ya;;;;Ya;;Ya;;Ya;;Ya;;Ya;;Ya;;;;Ya;;Ya;;Ya;;;;Ya;;Ya;;;;;;Ya;;Ya;;Ya;;Ya;;;;;;Ya;;Ya;;Ya;;Ya;;Ya;;Tidak;90 cm;Ya;;Ya;;Ya;;Ya;;Ya;;Ya;;Ya;;Ya;;Ya;;Ya;;Ya;;Ya;;Ya;;Ya;;Ya;;;;;;;
243;14.31 WIB;Rio;19 Desember 2025;Tidak Sibuk;4 C;Pemuda Merdeka - Bundaran Senayan;DMR - 230102;Feeder Bus Besar;Low Entry;Ya;;Ya;;Tidak;Tidak ada;Ya;;Ya;;Ya;;;;Ya;;Ya;;;;Ya;;Ya;;Ya;;Ya;;Ya;;Ya;;;;Ya;;Ya;;Ya;;;;Ya;;Ya;;;;;;Ya;;Ya;;Ya;;Ya;;;;;;Ya;;Ya;;Ya;;Ya;;Ya;;Tidak;90 cm;Ya;;Ya;;Ya;;Ya;;Ya;;Ya;;Ya;;Ya;;Ya;;Ya;;Ya;;Ya;;Ya;;Ya;;Ya;;;;;;;
244;14.07 WIB;Rio;19 Desember 2025;Tidak Sibuk;4 C;Pemuda Merdeka - Bundaran Senayan;DMR - 230120;Feeder Bus Besar;Low Entry;Ya;;Ya;;Tidak;Tidak ada;Ya;;Ya;;Ya;;;;Ya;;Ya;;;;Ya;;Ya;;Ya;;Ya;;Ya;;Ya;;;;Ya;;Ya;;Ya;;;;Ya;;Ya;;;;;;Ya;;Ya;;Ya;;Ya;;;;;;Ya;;Ya;;Ya;;Ya;;Ya;;Tidak;90 cm;Ya;;Ya;;Ya;;Ya;;Ya;;Ya;;Ya;;Ya;;Ya;;Ya;;Ya;;Ya;;Ya;;Ya;;Ya;;;;;;;
245;14.03 WIB;Rio;19 Desember 2025;Tidak Sibuk;4 C;Pemuda Merdeka - Bundaran Senayan;DMR - 230099;Feeder Bus Besar;Low Entry;Ya;;Ya;;Tidak;Tidak ada;Ya;;Ya;;Ya;;;;Ya;;Ya;;;;Ya;;Ya;;Ya;;Ya;;Ya;;Ya;;;;Ya;;Ya;;Ya;;;;Ya;;Ya;;;;;;Ya;;Ya;;Ya;;Ya;;;;;;Ya;;Ya;;Ya;;Ya;;Ya;;Tidak;90 cm;Ya;;Ya;;Ya;;Ya;;Ya;;Ya;;Ya;;Ya;;Ya;;Ya;;Ya;;Ya;;Ya;;Ya;;Ya;;;;;;;
246;14.00 WIB;Rio;19 Desember 2025;Tidak Sibuk;4 C;Pemuda Merdeka - Bundaran Senayan;DMR - 230114;Feeder Bus Besar;Low Entry;Ya;;Ya;;Tidak;Tidak ada;Ya;;Ya;;Ya;;;;Ya;;Ya;;;;Ya;;Ya;;Ya;;Ya;;Ya;;Ya;;;;Ya;;Ya;;Ya;;;;Ya;;Ya;;;;;;Ya;;Ya;;Ya;;Ya;;;;;;Ya;;Ya;;Ya;;Ya;;Ya;;Tidak;90 cm;Ya;;Ya;;Ya;;Ya;;Ya;;Ya;;Ya;;Ya;;Ya;;Ya;;Ya;;Ya;;Ya;;Ya;;Ya;;;;;;;
247;13.54 WIB;Rio;19 Desember 2025;Tidak Sibuk;4 C;Pemuda Merdeka - Bundaran Senayan;DMR - 230104;Feeder Bus Besar;Low Entry;Ya;;Ya;;Tidak;Tidak ada;Ya;;Ya;;Ya;;;;Ya;;Ya;;;;Ya;;Ya;;Ya;;Ya;;Ya;;Ya;;;;Ya;;Ya;;Ya;;;;Ya;;Ya;;;;;;Ya;;Ya;;Ya;;Ya;;;;;;Ya;;Ya;;Ya;;Ya;;Ya;;Tidak;90 cm;Ya;;Ya;;Ya;;Ya;;Ya;;Ya;;Ya;;Ya;;Ya;;Ya;;Ya;;Ya;;Ya;;Ya;;Ya;;;;;;;
;;;;;;;;;;;;;;;;;;;;;;;;;;;;;;;;;;;;;;;;;;;;;;;;;;;;;;;;;;;;;;;;;;;;;;;;;;;;;;;;;;;;;;;;;;;;;;;;;;;;;;;;;;;;;;;;;;;;;;;
;;;;;;;;;Total;Positif;;Positif;;Positif;;Positif;;Positif;;Positif;;Positif;;Positif;;Positif;;Positif;;Positif;;Positif;;Positif;;Positif;;Positif;;Positif;;Positif;;Positif;;Positif;;Positif;;Positif;;Positif;;Positif;;Positif;;Positif;;Positif;;Positif;;Positif;;Positif;;Positif;;Positif;;Positif;;Positif;;Positif;;Positif;;Positif;;Positif;;Positif;;Positif;;Positif;;Positif;;Positif;;Positif;;Positif;;Positif;;Positif;;Positif;;Positif;;Positif;;Positif;;Positif;;Positif;;Positif;;Positif;;Positif;
;;;;;;;;;247;247;;247;;104;;247;;247;;247;;0;;247;;247;;0;;247;;247;;247;;247;;244;;243;;0;;247;;235;;228;;0;;247;;247;;0;;0;;247;;247;;247;;247;;0;;0;;247;;161;;246;;151;171;175;;42;73;247;;247;;242;;247;;247;;244;;247;;241;;247;;247;;238;;247;;247;;247;;247;;0;;0;;0;
;;;;;;;;;;Negatif;;Negatif;;Negatif;;Negatif;;Negatif;;Negatif;;Negatif;;Negatif;;Negatif;;Negatif;;Negatif;;Negatif;;Negatif;;Negatif;;Negatif;;Negatif;;Negatif;;Negatif;;Negatif;;Negatif;;Negatif;;Negatif;;Negatif;;Negatif;;Negatif;;Negatif;;Negatif;;Negatif;;Negatif;;Negatif;;Negatif;;Negatif;;Negatif;;Negatif;;Negatif;;Negatif;;Negatif;;Negatif;;Negatif;;Negatif;;Negatif;;Negatif;;Negatif;;Negatif;;Negatif;;Negatif;;Negatif;;Negatif;;Negatif;;Negatif;;Negatif;;Negatif;;Negatif;;Negatif;;Negatif;
;;;;;;;;;;0;;0;;142;;0;;0;;0;;0;;0;;0;;0;;0;;0;;0;;0;;3;;4;;0;;0;;12;;19;;0;;0;;0;;0;;0;;0;;0;;0;;0;;0;;0;;0;;86;;1;;20;;72;;31;;0;;0;;5;;0;;0;;3;;0;;6;;0;;0;;9;;0;;0;;0;;0;;0;;0;;0;
;;;;;;;;;;%positif;;%positif;;%positif;;%positif;;%positif;;%positif;;%positif;;%positif;;%positif;;%positif;;%positif;;%positif;;%positif;;%positif;;%positif;;%positif;;%positif;;%positif;;%positif;;%positif;;%positif;;%positif;;%positif;;%positif;;%positif;;%positif;;%positif;;%positif;;%positif;;%positif;;%positif;;%positif;;%positif;;%positif;;%positif;;%positif;;%positif;;%positif;;%positif;;%positif;;%positif;;%positif;;%positif;;%positif;;%positif;;%positif;;%positif;;%positif;;%positif;;%positif;;%positif;;%positif;;%positif;;%positif;;%positif;
;;;;;;;;;;100,00%;;100,00%;;42,11%;;100,00%;;100,00%;;100,00%;;0,00%;;100,00%;;100,00%;;0,00%;;100,00%;;100,00%;;100,00%;;100,00%;;98,79%;;98,38%;;0,00%;;100,00%;;95,14%;;92,31%;;0,00%;;100,00%;;100,00%;;0,00%;;0,00%;;100,00%;;100,00%;;100,00%;;100,00%;;0,00%;;0,00%;;100,00%;;65,18%;;99,60%;;61,13%;;70,85%;;17,00%;;100,00%;;100,00%;;97,98%;;100,00%;;100,00%;;98,79%;;100,00%;;97,57%;;100,00%;;100,00%;;96,36%;;100,00%;;100,00%;;100,00%;;100,00%;;0,00%;;0,00%;;0,00%;
;;;;;;;;;;100,00%;;100,00%;;42,51%;;100,00%;;100,00%;;100,00%;;100,00%;;100,00%;;100,00%;;100,00%;;100,00%;;100,00%;;100,00%;;100,00%;;98,79%;;98,38%;;100,00%;;100,00%;;95,14%;;92,31%;;100,00%;;100,00%;;100,00%;;100,00%;;100,00%;;100,00%;;100,00%;;100,00%;;100,00%;;100,00%;;100,00%;;100,00%;;65,18%;;99,60%;;91,90%;;70,85%;;87,45%;;100,00%;;100,00%;;97,98%;;100,00%;;100,00%;;98,79%;;100,00%;;97,57%;;100,00%;;100,00%;;96,36%;;100,00%;;100,00%;;100,00%;;100,00%;;100,00%;;100,00%;;100,00%;
;;;;;;;;;;;;;;;;;;;;;;;;;;;;;;;;;;;;;;;;;;;;;;;;;;;;;;;;;;;;;;;;;;;;;;;;;;;;;;;;;;;;;;;;;;;;;;;;;;;;;;;;;;;;;;;;;;;;;;;
;;;;;;;;;;;;;;;;;;;;;;;;;;;;;;;;;;;;;;;;;;;;;;;;;;;;;;;;;;;;;;;;;;;;;;;;;;;;;;;;;;;;;;;;;;;;;;;;;;;;;;;;;;;;;;;;;;;;;;;
;;;;;;;;;;;;;;;;;;;;;;;;;;;;;;;;;;;;;;;;;;;;;;;;;;;;;;;;;;;;;;;;;;;;;;;;;;;;;;;;;;;;;;;;;;;;;;;;;;;;;;;;;;;;;;;;;;;;;;;
;;;;;;;;;;;;;;;;;;;;;;;;;;;;;;;;;;;;;;;;;;;;;;;;;;;;;;;;;;;;;;;;;;;;;;;;;;;;;;;;;;;;;;;;;;;;;;;;;;;;;;;;;;;;;;;;;;;;;;;
;;;;;;;;;;;;;;;;;;;;;;;;;;;;;;;;;;;;;;;;;;;;;;;;;;;;;;;;;;;;;;;;;;;;;;;;;;;;;;;;;;;;;;;;;;;;;;;;;;;;;;;;;;;;;;;;;;;;;;;
;;;;;;;;;;;;;;;;;;;;;;;;;;;;;;;;;;;;;;;;;;;;;;;;;;;;;;;;;;;;;;;;;;;;;;;;;;;;;;;;;;;;;;;;;;;;;;;;;;;;;;;;;;;;;;;;;;;;;;;